Id,EssaySet,EssayText_Cleaned,FinalScore,SBERT_Label
1111,1,"if i was going to replicate this expirment,i would need to know what the ""samples"" are,how much vinegar i need to pour in the containers and if i should measure it before i start.",2.0,0.6666666666666666
268,1,"the first thing that i would need in order to replicate the acid rain experiment, is my 4 different samples. the next thing i will need is the vinegar to pour on our 4 samples the last thing i need is a slaceal to measure the start mass (g) and the ending mass(g) to find out the difference in mass(g).",0.5,0.1666666666666666
149,1,the students should have made a hypothesis of what they thought was going to happen. also they should have stated what they were investigating. they should have made a conclusion from the results.,0.0,0.0
435,1,they should have said how much of each sample they put in each containor.,0.0,0.0
755,1,packet in fat it don't make no sense.,0.0,0.0
1654,1,"if you were to replicate the experiment described in the procedure, you would also need to know some additional information. you would need to know how much vinegar you were supposed to pour on each cup or this could show the resulted. the procedure also does not reveal what four types of samples should be used in the experiment. it is important that the procedure when talking about weighing the samples, says to use the same scale for all the masses.",2.0,0.6666666666666666
1317,1,with step number two how much vinegar should you pour? ^p with step number three what sample goes with what container?,1.0,0.3333333333333333
308,1,to replicate the experiment i would need to know what to do to the control. also i would need to know how much vinegar needed to give into each separate containers. lastly i would have mll of the samples be the same weight because their experiment does not have and of those listed.,1.0,0.3333333333333333
193,1,"in the procedure you would need to add the time in which the stone / rock / plastics began to change when vinegar was added to them. they could have to explain when they would change or what time for each one :marble, limestone, wood and plastic. in the procedure it only explained ""after 24hrs"" but they didn't write down the time difference for each one they only put the overall time.",0.0,0.0
311,1,additional information you would need in order to replicate this experiment is tell us the four different samples how much vinegar is needed to be poured into the for different containers and what should they be labeled.,2.0,0.6666666666666666
599,1,additional information you would also need is how much vinegar you put the samples in.this doesn't tell you if each sample was covered by vinrgar completely or if it was partially covered.the starting mass of limestone was 9.8g the ending mass was 9.4g that was a - 0.4g difference. the experiment doesn't tell you though how much of sample was covered by vinegar.this is very important to know in order to replicate this experiment.,2.0,0.6666666666666666
64,1,"some additional information i would need is how they found the mass and what type of instrument was being used. also when they say place a sample of the material, how much of each type am i going to need.",0.0,0.0
1617,1,"you would have to know how much vinegar to put into the containers. you would also have to know what environment to put the cups in, in the sun would cause different effects than inside or in a shady area. ^p lastly, you would have to know what you put then to and leave them on a paper towel inside, or on a table, etc.",3.0,1.0
1664,1,"in order to replicate the ""acid rain"" experiment it is essential to know what the samples are.in the step 1 it says to determine the mass of four samples. what are the samples? also, how are we supposed to find the mass of the sample? in step 2, it says, pour vinegar in each four seperate but identical containers. what is the size of the container and what type of vinegar is used? also in the 4th step, it says, to rinse each sample with distilled water. for long should the sample be rinsed?",3.0,1.0
1070,1,"those pieces of information you need to replicate this experiment are from the samples in 24 hours. pouring vinegar into four seperate but identical containers, and to allow the samples be dry, you also need to determine the mass of the samples first.",0.0,0.0
744,1,"additional information i would need to replicate this experiment would be the amount of vinegar needed to pour into the containers, the size of the containers themselves, and how long i would rinse the samples with distilled water after the samples are removed from the vineger.",3.0,1.0
1314,1,you need to know how much vinegar to add to the containers. you need to know what kind of container and you also need to know how to measure the samples.,2.0,0.6666666666666666
1425,1,"after reading the procedure some things are still unclear. they should say what 4 samples are being tested, not just ''mass 4 samples''. also, how much vinegar should we pour, and in what sort of container? what should we lable the 4 containers as ? how should the samples be removed from the container ? and as always, what are the materials we need, and our there any important things to note regarding lab safety.",3.0,1.0
939,1,"in order to replicate this experiment, there would have to be instruction on how to find the mass of ann object. the word sample should be more specific, so it's absolutely clear what should be placed in the containers. lastly, there should be a clear amount given for how much vinegar to pour into each container.",2.0,0.6666666666666666
1207,1,"in order to replicate the experiment, i would need to know how to determine the mass of the material, what the containers are made out of and on what material should we let the samples dry on.",2.0,0.6666666666666666
1467,1,say what kinds of materials there using. why there doing are experiment.,0.5,0.1666666666666666
219,1,"in order to replicate this experiment, i would need to know how much vinegar to put in each of the containers, how ling to rinse each sample and with how much distilled water. i think you would need to know these things because all three could affect the ending mass, therefore ruining the experiment. also i would want to have a control group in my experiment to see if it was really the vinegar affecting the mass. so i would our water in 4 different containers and do the same thing.",2.0,0.6666666666666666
1367,1,"first you need to know how much vinegar they used in each samples cup. secondly the amount of each substance should be the same. next, what kind of container are they placing this substances up out with a lid or lid toowide?",3.0,1.0
288,1,some information i would need to know is how would the water be if,0.0,0.0
473,1,"you would also need to know what kind of object you used for each material, for example plastic could",3.0,1.0
1343,1,"you will need to pour vinegar in four new separate, but idantical, containers. then you will need to get four new samples. and determine the mass for four different samples.",0.0,0.0
1287,1,additional information i would need in order to replicate the experiment would be the amount of vinegar you need to pour into the cups. what the samples you're using or and what your control group is going to be. there are important parts of the procedure that are missing.,1.5,0.5
1615,1,"this group needs to include quantitative information such as, ""how much vinegar"". this group should try to eliminate the use of the word ""sample"", it can be confusing to someone which sample they are talking about. i also think it would be better, if possible, to use the same mass for all samples, this will show the change in porportion to how much of the material.",2.0,0.6666666666666666
483,1,"one thing you need to know is how much vinegar to put into each container. also which tsamples are they using and also how much of the sample should u use.for example, the whole object, half the object. also if they were making a table what information do u need to record.",2.0,0.6666666666666666
1124,1,"the starting mass, the ending mass, the difference in the mass, label the samples.",0.0,0.0
1371,1,"you would need to know how much vinegar to pour, list of materials to use, and how much of each material.",2.0,0.6666666666666666
821,1,"firstly, it is needed to be known how much vinegar should be pouredinto each of the four seperate containers.",2.0,0.6666666666666666
1329,1,to repeat the students experiment you would need to know additionaly to the procedure,3.0,1.0
934,1,some additional information that would be need with this experiment is a hypothesis. this is because you should predict and guess the things you could be working with. you would also need a scale to tell you how much each sample range in grams.,0.0,0.0
1036,1,the information you need in order to replicate this experiment is how much of each sample you are putting into the containers. maybe you should also state what the containers you are using look like.,1.0,0.3333333333333333
1390,1,"i would need to know what the outcome was suppose to be or what it was suppose to look like. the information given is good but doesn't really explain why they were doing this experiment for, but the table was good and understandable.",0.0,0.0
1554,1,"in this experiment they give all the things you need to do but not with enough detail. in order to replicate this experiment you would need to know how much vinegar goes in each container. it may be the same but we need to know a measurement. also another thing you would need to know is how to label and understand each sample, for instance we don't know if a certain substance goes in a certain container. lastly they don't explain how they determined the mass. in order to repeat the experiment you would have to know what they used to measure the mass.",1.0,0.3333333333333333
1195,1,the reason the procedure is bad because they did not finish.,0.0,0.0
400,1,the procedure should include what the mass should be and how to get it. also you do not know what the four samples are. in the second step how much vinegar should be poured. in the thats step it should explain how to get the mass and how to record it so it is neat and understandable. a last step should also be included to say repeat.,2.0,0.6666666666666666
770,1,"the group should have told the reader how much vinegar to put in the container. in their procedure, they also should have",2.0,0.6666666666666666
709,1,you would need to know how much vinegar to poor in each container you would also need to know how much sample exactly do you have to put in each container the last thing i would need to know is what to label the mass of the sample.,1.0,0.3333333333333333
1094,1,"to replicate the groups procedore i would need to know how to determine the mass of the different sampes such as what would i use. another piece of information i would need to know is how much vingar should i poor into the the four identical containers, and the last thing i would need to know is what would i use to determine how much the mass is of each sample after sifting in vinegar.",1.0,0.3333333333333333
416,1,in order to replicate this experiment you would need to know how much vinegar you put into each sample. you would also need to measure them at the exact time because the one you measure last might grow a little more because it was sitting longer.,1.0,0.3333333333333333
1667,1,one piece of information you would need to replicate this experiment would be the measurement for the vinegar. how much should you have in each container? another bit of information not included is how you are measuring the mass and how much at each sample should be used in each containers for example (1in*2in) marble square.,2.0,0.6666666666666666
913,1,"one thing you would need to know is how much vinegar in step 2, to pour into the containers. another piece of information that would be helpful for this procedure is how much of each sample you need to put into the container in step 3. a last thing you need to know is how long do you rinse the sample off for, in step 4.",2.0,0.6666666666666666
1391,1,how much vinegar are whe poring? how long are we rinsing them?,2.0,0.6666666666666666
573,1,"to replicate the experiment, the students need to include more detail in their procedure. first, we need to know what are good samples to use for this experiment. the students tell us to pour vinegar into containers, however it is not clear how much vinegar to use, if the amounts of vinegar are different, the entire experiment will not be accurate. to improve the experiment, the students could have done more trials to get better observations.",2.0,0.6666666666666666
947,1,"since the groups procedure is a little vogue, in order to replicate the experiment, you would need to know some additional information. first, you'd need to where to let the sample sit and dry, because that could make a difference. and you would need to know how much vinegar to pour into each container since that mass to be held constant. finally, you'd need to know what are the 4 different samples to use. you know by looking in the data table, when they don't list items in the procedure.",3.0,1.0
723,1,how much do you pour in the containers.,0.0,0.0
1103,1,"in order to this experiment to be replicated, i would need to know how many or what size samples i should be weighing, how much vinegar needs to be poured, what to label each container, and how long i need to rinse each sample. only if i know these specific details will i then be able to complete the experiment like the other group.",3.0,1.0
279,1,"in order to replicate the procedure of the experiment you would also need to know how much vinegar they used, and if it is the same for all of them. you would also need to do another trial, as the extra information would validate the experiment more.",1.0,0.3333333333333333
1293,1,"to replicate the group experiment you would need to know what size container the group used to hold the samples. you would also need to know how long to rinse the samples. you would also want to know how they dried the material, if you want to get the same data.",3.0,1.0
1538,1,you need to determine what will happen after the the investigation how will it happen need berck down the steps.,0.0,0.0
493,1,"in order to replicate the experiment they would need to determin what the materials were, they would have to establish a control and they would have to give directions to find the difference in mass.",1.0,0.3333333333333333
867,1,"when simulating acid rain in this experiment it would be important to include consistant measurements to the data and results are accurate.they should start with the same ammount of mass ea each sample. so the change is seen easier and each sample is affected equally. by the same wage, it is also important that the samples be submerged in the same amount of vinegar. b/c the labs goal is to nonce change based on acid rain, its important the experiment be as close and as repeated as possible.",1.0,0.3333333333333333
238,1,"the steps that this procedure is missing would be to list & gather all materials, because you need to know what you are working with, 2nd, say how much vinegar to pour into the containers the other part that this procedure is misssing is how much distilled water do you rinse each sample with. if you don't have this information, it would make the experiment very off with validity's. the containers wouldn't be the same.",1.5,0.5
1131,1,"to replicate this experiment i would need to know what type of measurement item i would need to ""determine the mass of each sample"". also i need the names of the samples that i need to use, such as marble or wood. lastly, i need from the procedure, a control because i need to be told what i am testing for.",1.0,0.3333333333333333
1389,1,"i want to know how the experiment is related to acid rain, because there is no introduction to describe the purpose. ^p how much vinegar would i pour into the beakers. ^p what materials do i need to conduct the experiment?",2.0,0.6666666666666666
1611,1,"in order to replicate the experiment i'd need to know what 4 different samples i needed, i'd also need to know the amount of vinegar to pour in each container i'd need to know what i'd use in order to determine the mass.",2.0,0.6666666666666666
1460,1,"first, their procedure needs to identify what samples are being tested. also, they would need to specify the amount of vinegar in each container in step 2. the experiment is also missing a control to compare each sample to. without a control, we don't know if the mass lost is from vinegar or some other reason.",2.0,0.6666666666666666
1445,1,"in order to replicate this experiment, it would be important that we know the specific pll of the vinegar which is acidic, therefore it would be below it. we would also need to know what type of wood is being used in the experiment. finally the most important aspect of the experiment that would need to be determined before replicating would be the amount of vinegar solution that each sample was placed in, the type of plastic is also important to know.",2.0,0.6666666666666666
1238,1,"i would need to know how to determine the mass of each sample. i'd need to know what to lable the containers. i'd need to know how to preform the steps, not just what the steps are of the experiment.",0.0,0.0
209,1,"in order to replicate this experiment ,i would need to know how much vinegar to place in each container.also i would need to know of each sample was, are solid piece or,n small or pieces. the greas would need to identify",3.0,1.0
1003,1,"in order to replicate the experiment i would need to know the ammount of vinegar in each container, i would need to know what it is they labelled on the container and i would also need to know the size of each container.",2.5,0.8333333333333334
1305,1,"you would need vinegar, a sample material to put into a measurement and label them, also you would need four identical containers. this is to replicate the starting mass, ending mass and difference in mass. that is what you would need to replicate this experiment.",0.0,0.0
525,1,"the additional information i would need to replicate this experiment is a watch, a measureing container, also some marbles, limestone, wood and plastic.",0.0,0.0
59,1,"some additional information that you would need is how many vinegar are you pouring in. also in step 3 it says add a sample of each material. we need to know how big the sample would have to be. something that could effect the data could be what temperature are you putting this experiment in, is it room temperature, we need to know this.",3.0,1.0
452,1,"you would need to add materials that you need to use. you also would want to know how much vinegar you should pour in the cups. you should also say what you should label the container with if it should be the sample or letters like a, b, c, d.",1.0,0.3333333333333333
1326,1,you would need to know what material the samples were made of. you would need to know how much vinegar to pour into each container. you would need to know how much of each sample to put into each container.,1.0,0.3333333333333333
1492,1,"in order to replicate th experiment the students will need to add 5 things. what type of woods, plastic, limestone and marble so for example th wood thy use is hard than the wood you use. how much vinegar needs to be poured in it enough to cover it or not. also what siz container. another thing to change how long is each sample rinsed for so some don't absorb more or less water. and finally what temperature does th samples dry at because in higher or lower temperatures or humid environments th samples may dry at a different speed.",3.0,1.0
1534,1,"some additional information you would need to replicate this experiment would be how much vinegar should be put in each container. if not specified, someone may put too little or too much, and the results can come out very differently. you would also need to know how much of each sample you need to put in the containers and you need to know how long to rinse each sample and where the samples should dry.",3.0,1.0
1320,1,"the additional information that the group did not add in, was how much viniger was poured in each container. if each container had different mass of viniger, then it will affect the out come of the samples. you must have the same amount of viniger in each container and must be done at the right time to get the lab as accurate as possible.",1.0,0.3333333333333333
365,1,"in order to replicate this experiment, you would need to know what the samples were. also, step three in their procedure is a little confusing and to replicate this experiment they may want to give a little bit more directions and be more specific. they might also want to say what size containers to use or how much vinegar to add to the container to allow someone also to replicate.",3.0,1.0
547,1,"first, you would need to know the amount of vinegar they put into each cup. second you will need to know the temperature of the room. third, you will also need to know wether the scale used was electric or normal.",2.0,0.6666666666666666
356,1,"to replicate the experiment you would need to know what the material (samples) were, (marble,limestone,acid and plastic). you would also need to know the amount of vinegar that was placed in the cup and you would need to know what you are weighing the mass in which is grams. if these three were added to the procedure,then you could replicate the experiment.",2.0,0.6666666666666666
884,1,"they need to tell how much vinegar they need in each container. they need to tell like where they will place the containers, if it has to be in warm place or room temperature. they have actually determine the mass.",2.0,0.6666666666666666
1342,1,"in order to replicate this experiment you would need to know the amount of vinegar used in each cup. you would also have to include a control group without vinegar to see if the mass might change. another piece of information needed is where the samples were placed, such as a hot environment or a cool one.",2.0,0.6666666666666666
1544,1,"1. gather materials. ^p 2. put on apron & goggles. ^p 3. set up materials. ^p 4. por vinegar into a identical containers. ^p 5. put marble, limestone, wood, plastic into their separate containers. ^p 6. put name on container, wait 24 hours. ^p 7. rinse the samples with distilled water. ^p 8. put samples out to dry. ^p 9. determine the mass & other differences. ^p 10. clean up materials.",0.0,0.0
1229,1,"the three pieces of information needed is, which container kept the same mass when vinegar was poured? which container lost less mass? which container lost more mass? you could also need to pour more vinegar to each of four separate containers.",0.0,0.0
1542,1,"you would need an experiment contron, a problem statement and for precision you need more than one trial for each sample",0.0,0.0
294,1,"additials information that would be good to now is, why are the students performing this xpirement? why arent there cups a for measures for distiled water amounts, or vinegar amounts? you should also know why the starting mass for the materials all arent the same.",1.0,0.3333333333333333
1471,1,the group will need to put to the following information. what are the four different samples. what type of containers will be needed. also what size. they will also need to put in there lab is what is the temp of the vinegar. (the temperature should be consistant),2.5,0.8333333333333334
1281,1,i would add let all the samples sit in the vinegar to soak. make sure they are dry before making on. don't let any types get mixed up.,0.0,0.0
585,1,"the additional information i need is to know how vinegar to pour in each container, what kind of container am i supposed to know and also how to determine the mass of each object.",2.0,0.6666666666666666
1008,1,"the additional information you would need in order to replicate the experiment would be how much of each sample would you need and how much vinegar howa you need in order to perform the experiment. also, it would be helpful to know how you measure the mass of each sample like as what tools you may need.",1.0,0.3333333333333333
1631,1,"to replicate the group's experiment, 5 other things i would need to know are: ^p 1) what samples. ^p 2) how much vinegar i need to pour. ^p 3) how much of the samples i need to pour into each container.",2.0,0.6666666666666666
591,1,"in order to replicate this procedure, they should includ a set mass for each stone i.e 10g of each sample. they also shuld include the amount of vinegar to be poured in each cup and the third they should include the size of the container.",2.0,0.6666666666666666
235,1,in order to rept this experiment they could have multiple trial. and also kep the lab going for 48 hours in place as they also need ti have a tv and dv content.they also could or tabled their data up and made a graph to show increase or decrease,0.0,0.0
593,1,"in order to replicate the experiment, i would need (other than the procedure) what samples to use (what materials), how much vinegar goes into each container and what shape the samples should be in. these pieces of information are important because using too little or too much vinegar will give different results. using any sample other than the ones listed will give different results due to some materials inability to be changed by acid rain. finally, the shape is important because the surface area could differ making the vinegar more or less chaotic during 24 hours.",3.0,1.0
1383,1,some additional information you would need a control. you would also need to have the measurements of how much vinegar your putting into each of the samples. another thing is you would have to list the samples that you are testing in your procedure.,2.0,0.6666666666666666
197,1,"in order to replicate the experiment, the person performing it should do a few things differently. first, they should state what materials they are using, second, they should have a set measurement of how much vinegar to pour into each container, and third, they should state that you must find the difference of the starting and ending masses.",2.0,0.6666666666666666
1185,1,"these students should say what the sample's were that they used. for example they could say for step one that you obtained a marble, limestone, piece of wood and a piece of plastic. i would need the four sample's inorder to complete this task. secondly i would need vinegar in four separate containers. lastly i need distilled water for the sample's and i would need a weight measure to check the mass of all four or any samples.",1.0,0.3333333333333333
497,1,"the information you would need in order to replicate the experiment the mass of four labels marble, limestone, wood, and plastic is to show how you got the mass of each. what material did you use to get this answer. what effects did it have on all material such as color and size.",0.0,0.0
1397,1,"you would need to know how much vinegar would be put into each container, how much each sample should be included in each container, where to place the containers and then where to place the samples during the their in the containers and out.",2.0,0.6666666666666666
82,1,"in order to replicate this experiment, you must be able to know what the four materials are, how to measure the mass, how much vinegar should be poured into the containers and how much distilled water should they rinse it with. they should start by saying, d determine the mass(put the tripple beam balance), of the four diff. samples(name them), then pour vinegar(how much) into containers, then these step of step 4, wash( how much distilled water, and it would be better.",2.0,0.6666666666666666
1564,1,in order to replicate the experiment it would have been better if they put in how much vinegar to go in each container. they could shortened the time that each sample had to stay in a container. they could have stated how to determine the mass and what unit to use. they could have also seen sipecific or what type of container can be used for the experiment.,2.0,0.6666666666666666
521,1,"in order to replicate the experiment the procedure needs to be more specific. it would need to tell how much vinigar is used in the containers, have a longer drying time because the samples will not be fully dry after 30 minutes and say what the samples are weighed with. it is also important that safety procautions are told such as gloves or goggles.",1.0,0.3333333333333333
1283,1,we need to know what the samples are in the procedure it just says to get four samples. it would also be helpful to tell us what unit to measure the samples and what size test tube to use. then the lab would be performed correctly.,2.0,0.6666666666666666
858,1,"after reading the group's procedure,some additional information i would need to replicate the experiment would be: ^p 1) to know the amount of vinegar they used ^p 2) to know what their control variable is and their independent variables are since they didn't label that ^p 3) to know whether or not the mass of the materials was with the mass of the container, because that will effect the results and decrease validity.",1.0,0.3333333333333333
382,1,"to replicate the experiment, i would need to know the amount of vinegar use in each cup. i would also need to know the amount of distilled water for their more explanation 3 must be better explained.",1.0,0.3333333333333333
112,1,i would need to know what materials i am getting to begin this experiment. what should i be looking for when experiment is going on? how do i determine the mas of each sement.,1.0,0.3333333333333333
1415,1,"the group of students needs to add how big or small the containers should be. another item that the students did not add was how much vinegar goes in each container. the group also forgot to mention what samples they are using. without these 3 main information points, nobody could replicate this lab.",3.0,1.0
966,1,"in my opinion, they should add more informations of, the temperature because different samples migh react differently in lower or higher temperature. they should do more than just one try with each sample, it should be at least 3 to get a better data, they should have measure mass much more often as well.",1.0,0.3333333333333333
1405,1,i would need to know what were the four different samples. how much vinegar to pour into the four separate contains. also what to label the containers and should i leave the container at room temperature or put it somewhere else for the whole 24 hours.,3.0,1.0
541,1,"the procedure is very flowed because i can't even understand half of it, when they are talking about the ""four samples"". they need to clarify what the samples are. they also need to clearly give the distinction of the container, the samples, and where viniger is poured into. lastly, they need to not write step 3 because the container, sample and label have no refereced and are just plain renthstig.",1.5,0.5
1480,1,"one thing you would need to know is what use of containers you need. in step 2 they do not say the size of the container, they just said you need them. also in step one it just says to determine the mass of four different samples that is very unclear because it does not tell you what samples to measure. als in step two it does not tell you the amount of vinager to pour into the containers.",3.0,1.0
891,1,in order to keep this experiment valid you would have to make sure when they are to over night that they should all be in the same exact conditions.,1.0,0.3333333333333333
953,1,you would need what the outcome is after the 24 hours. label what liquid you used for this lab.,0.0,0.0
1196,1,"after reading the group's procedure, you would need to know the problem in order to formulate a hypothesis, the materials so that you could directly replicate the procedure and the validity of the experiment so that you could repeat the experiment and conduct further trials in order to perhaps acheive more accurate results.",0.5,0.1666666666666666
312,1,"you would need the information to know how much vinegar to pour into the container, the information to know which sample had the greatest difference in mass, and the information to which material to use in step 3.",1.5,0.5
814,1,"in order to replicate the experiment, i would need to know the brand of vinegar,",1.0,0.3333333333333333
1106,1,"in this experiment you would need the amount of vinegar that you would pour into the containers. you would also have to have a specific amount that you would use to sample each material. this would allow one compare each sample effectively. in step 4, the procedure says to remove the sample. in order to replicate the experiment one would need more information on how to remove the sample from the containers.",1.0,0.3333333333333333
849,1,"to replicate this you would a hypothesis. also some other information would be amount of vinegar and amount of each sample. you would not be able to retest this experiment this information. one other thing you might need is a control for the experiment, something to compare the results with.",1.0,0.3333333333333333
1550,1,"this group left out some important details when writing their procedure. in order to replicate this experiment, i would also need to show what i would measure the mass with & how, the amount of vinegar i should put into each container & what the other materials would be. these 3 things would help me to replicate the experiment better.",1.5,0.5
1574,1,first piece of information i would add is the name of the different samples and how much vinigar was put in to the container when you started. then when you finish how much vinigar was in the container.,1.5,0.5
587,1,"in order to replicate this group's experiment i would need to know how much vinegar they put in each container. also, i would need to know what type of marble, limestone, wood, and plastic was used. finally i would also need to know which type of vinegar was used in their experiment.",2.5,0.8333333333333334
1234,1,in order to replicate the experiment you would need to,0.0,0.0
623,1,"after reading the groups procedure, there was additional information you would need in order to replicate the experiment. first, they didn't state how much vinegar to pour into the containers which is a huge factor. second, in order to make sure their experiment was valid, they could have done another trial and lastly, they should state the temperature this is all happening at because that could have an effect on the results.",2.0,0.6666666666666666
1599,1,one piece of information needed to replicate the experiment would be material starting because it could or from the. another would be how many of each sample you are puting in the cup. and the last could be if there was a control to the experiment.,0.0,0.0
1659,1,the additional information i need in order to replicate the experiment is the amount of vinegar i pour in each of the containers; how big or small the containers have to be; and whether or not i should close the containers.,3.0,1.0
1140,1,i would need to know why wood did not change?why limestone it bigger and why plastic is small number,0.0,0.0
1235,1,"to replicate the experiment, you need to determine how much vinegar was used in each cup for this experiment. you also need to determine the tempature the did the experiment take place and how much of the material was used.",2.0,0.6666666666666666
667,1,"in order to replicate this experiment, i would need to know what kind of containers to use, how much vinegar and",2.0,0.6666666666666666
496,1,"the procedure should include what the four different samples are. at this point it is to vague and needs to be specified. the procedure should indicate how much vinegar needs to be poured on in each containers. the procedure should also encourage repetition. human and equipment errors as always possible. therefore it should give the readers an notion for the retests if necessary. finally, the procedure does not include a control. this doesn't give the readers anything to compare the results.",2.0,0.6666666666666666
1604,1,some of the additional information that will be needed is how much vinegar will be poured in the containers also will need four containers a balance bean to weight it and the samples.,1.0,0.3333333333333333
617,1,one piece of information is that you will need to know how much vinegar to pour into eaach container and you need to know what kind of vinegar you need for the experiment. you also need to know what you're supposed to do with the data after you have collected it to find the answer to your problem. it doesn't say in the procedure to analize the data or anything like that.,2.0,0.6666666666666666
663,1,"to replicate the experiment, i would need to know the readly of vinegar used with each materials. i would also need to know what kind of plastic they used in the expensal, because there are many diffrent",1.0,0.3333333333333333
942,1,in order to replicate the experiment you will need to know why are the students making this experiment? why are they trying to get the mass of the elements listed in the table?,0.0,0.0
1333,1,"in order to replicate this experiment, it should be useful to know how much mass of each sample you are trying to start with. each starting mass the group used were different, having a significant effect on this results. you would also want to know how much vinegar the group is putting into each container. also, it would be important to know how the group is covering the samples from the containers. depending on how the samples are removed could play a major role on the final results.",1.0,0.3333333333333333
832,1,"the procedures needs to tell me how much vinegar i'll be pouring into the containers, also what kind of container i'll be using. when determining the mass the procedures should tells as what to use such as a triple beam balanced or no electronic soaks.",2.0,0.6666666666666666
1272,1,"you would need to know why you are pouring vineger into 4 masses. you need to pour the same amount of vineger into each sample. and also, you need to include 4 designated samples and say liquids or solids.",2.0,0.6666666666666666
1662,1,"three additional pieces of information i would need to be able to replicate the experiment is; first, how much vinegar do you place in each container, what are the samples you should use, and third what is the controle to show that vinegar is what changes the mass, those are the three things i would need to know so that i can replicate the acid rain experiment.",2.0,0.6666666666666666
329,1,"to replicate the experiment i would need additonal information. for example, how much vinegar should be poured into each container? i would also want to know the size of each sample, and make sure the surface area of each is as close to equal as possible. lastly, i would want to know how much distilled water to rinse each sample with. with this information i am certainly capable of repeating the experiment.",2.0,0.6666666666666666
256,1,additional information that you will need in order to replicate the experiment was how much vinegar was put into container. how long do you rinse the samples ? do the samples stay outside or inside ? day or night ?,3.0,1.0
895,1,"i would need to know what are the samples, like the ones they put in their table at other ones. they don't state what the samples have to be . they also don't say how much should the samples weigh. they also don't say how much vinegar should be used. should it be the same amount or no because they allweigh different amounts.",2.0,0.6666666666666666
324,1,"if i a just looking at the people and i was to repeta this experiment i would need to know what the four different samples were, does the distilled water need to be a after temperature, and how much vinegar do i add to the samples.",2.0,0.6666666666666666
1212,1,"you would need to include how much vinegar to pair into each container, if you were labeling each sample after you washed it with distilled water, and what kind of samples they are.",2.0,0.6666666666666666
557,1,"the students need a list of material,also the students should write that we have to form a hypothesis.the students must also add that we have to form a conclusion at the end of the experiment.",0.5,0.1666666666666666
683,1,how much vinegar is needed in each dish. what is the sample material. and how do you determine the mass.,2.0,0.6666666666666666
822,1,"in order to replicate the group's procedure i would need some more information. i would need to know what the samples were. i would need to know the ph vuel of the vinegar, and i would need to know if there was any control in the experiment.",2.0,0.6666666666666666
1420,1,in their procedures they would also have to include on how to find the difference in mass. they would have to state that you need to subtract the starting mass from the ending mass. in order to replicate this investigation it is necessary to know now much vinegar is needed in each of the containers. we would also need to know what the units are if their grams and mls.,1.0,0.3333333333333333
1379,1,"in order to replicate this experiment; you would need to know: how much vinegar to pour into into each container; what utensil to use to measure the mass of the each sample; and what materials should be measured (i.e marble, limestone)",2.0,0.6666666666666666
178,1,i would need to know the amount of vinegar added to each sample which have to be the same replicate the experiment.,1.0,0.3333333333333333
1459,1,"in order to replicate the experiment, i would need to know the amount of each sample that is put into the containers. i would also need to know the environment in which the containers where during the 24 hours. things such as temperature are necessary. i would also need to know how long the samples should be rinsed after the 24 hours.",2.0,0.6666666666666666
860,1,"one piece of information i would need is the amount of vinegar to pour into the containers. a second piece is to know samples of what the first step says 4 samples but can they be anything? lastly, i need to know if it matters where i leave my experiment. i should know if it needs to be in hot or cold temperatures or if it needs sunlight and factors like that.",3.0,1.0
1097,1,in order for you to replicate this experiment you need to know how much of the material they put in each cup. how much water you need and the amount of vinegar.,1.0,0.3333333333333333
87,1,"three additional pieces of information i would need to replicate the procedure are to gather materials, use a control, and when it's finish to record the data.",0.0,0.0
903,1,"in order to replicate the experiment, the group needs to clarify a certain mass for all of the samples. otherwise, the data can be affected without this constant. also, it is important to include what samples are from since the data table clarifies that marble, limestone, wood and plastic are the specific materials used. this needs to be included in the procedure. finally, the group needs to include a specific amount of vinegar paired into each cup so that variations in the amount of vinegar don't affect the validity of the experiment.",2.0,0.6666666666666666
1625,1,"1st you need the sample to be the same amount as every other sample, then you need to put same amount of vinegar in all containers and try wasting 1day the 2days to see what would happen.",1.0,0.3333333333333333
1583,1,"while doing this experiment some additional information that you may need to know are what is the reason they are doing this experiment, for what is the problem? another thing is what is the final anwser that they are looking for they also need to follow the scientific method in order to complete their investigation.",0.0,0.0
367,1,"in order to replicate the experiment after reading, you will need to know what the 4 different samples are. you will also have to know how much vinegar to pour in each container. you will have to rich what the measure is when you are let it sit for the 24 hours.",3.0,1.0
1663,1,"i think they would need safety goggles and gloves to be safe. they could of extended the time. so, instead of being for 24 hours, it can be 48 hours for best results. i would actually give the samples 24 hours to dry because there is water inthe sample and it needs to evaporate.",0.0,0.0
969,1,atleast three pieces of information i would need to replicate this experiment is (1) what safety equipment should i wear? (2) the exact way to extract the samples from their containers (3) what do i need to determine the mass of each sample?,0.0,0.0
267,1,"after reading this group's procedure, i found that they left out the amount of vinegar that was added to each cup. this information is vital because if this experiment were to be replicated the results would vary among other replications from the original test, the data obtained from a replication of this experiment it would be false and the procedure couln't be replicated. therefore, it is clear that the amount of vinegar poured in each cup is vital information to this experiment.",1.0,0.3333333333333333
289,1,"to replicate this experiment, i would need to know more information. i would need to know the hypothesis on what is going to happen. also, i don't know how much vinegar to pore in each cup. this procedure also should specify what materials to use, line what brand of cups or size.",2.0,0.6666666666666666
1655,1,"to repeat this experiment you would have to know how much of each sample to put in the container. you would also need to know how much vinigar to pour into the containers. another thing you would need to know is where you let them sit in dry because the results could change depending on temperature, light exposure, and other factors.",2.0,0.6666666666666666
360,1,"after reading the group's procedure it states that you first need to determine the mass of the four different samples, then pour vinegar in a container and after 24 hours remove the samples from the containers and rinse each with distilled water. in order to replicate this experiment, i would have to know how much vinegar should be added to each container with the samples.",1.0,0.3333333333333333
55,1,"the procedure needs to state the four types of samples it is using, (marbles, limestone, wood, plastic). you need to determine how much vinegar you are pouring into each cup. you need a set amount. you could also do the time at different times. so you could do it at is at 30 and at 45 minutes to see if there is a change at all in the mass over time.",2.0,0.6666666666666666
1152,1,some additional information you need in order to replicate the experiment is more information how much time and hold in order to determine the mass of each sample. also instead of containers use glass bottles.,0.0,0.0
1254,1,you need to know how much distilled water to rinse it with. you also need to know how much vinegar to pour into each container. you need to know how bigof a container.,2.0,0.6666666666666666
985,1,"1. determine the mass of four different samples. ^p 2. instead of pouring vinegar, pour a different kind of liquid. ^p 3. use three different kind of containers to see what happens. ^p 4. after 24 hours, remove the samples from the containers and rinse each sample with distilled water. ^p 5. allow the samples to sit and dry for 30 min. ^p 6. determine the mass of each sample.",0.0,0.0
1628,1,"after reading the group's procedure, there is much additional information that i would need in order to replicate the experiment. first off, you would need to know what the samples are, and what size of samples you will testing. another piece of information that you would need would be the amount of vinegar that you'd pour in the containers (step two). from steps one and six, you are supposed to determine the mass of all four of the samples that to do this you would need to know what you are taking the mass in. (ie grams, pounds,ouples)",3.0,1.0
682,1,"one additional piece of information that they did not add in the procedure was to determine the change in mass from before and after the experiment. also, between steps 1 and 2, there needs to be a step to put the samples in the 4 seperate, but identical containers.",0.0,0.0
1427,1,one thing that they need to put in their was the amount of vinegar and what was the point of doing these.,1.0,0.3333333333333333
904,1,"in order to replicate this experiment, one would need to know, first or all ,what each sample is. they would also need to know how much vinegar to use on the materials.lastly they would need to know how many samples of each material.the would need and the substance size.",3.0,1.0
222,1,the first thing is why the students are doing this experiment. then the second piece of infor mation is the amount of vinegar put in each container. the student also should of told how much distilled water was used to rinse each sample. finally thier should be a conclusion and a list of materials.,2.0,0.6666666666666666
114,1,"if i was to replicate the experiment i would need to know the amount of vinegar in each container, the size of the containers, and what was used to weigh the samples.",2.0,0.6666666666666666
704,1,"in order to replicate the experiment, i would need to know the amount of vinegar put in to each identical container. the four different samples, mass of them, and where they were put is stated. but not how much vinegar was put into the containers.",2.0,0.6666666666666666
530,1,"in order to replicate this experiment, i would need to know the group's hypothesis and whether it was retreat or incorrect. this will help one to eliminate their thinking if they were wrong or to confirm their hypothesis. i would also need to know how much vinegar to put in each container, and whether all the containers contained an equal amount of vinegar. lastly, i would need to see results from a controlled experiment, such as a rock with water and make sure it does not decay.",1.0,0.3333333333333333
1043,1,"the additional information needed would be: the exact amount of vinegar that is poured into each cup. you would also need to know a specific type of container to put the sample in. lastly, you may need to know that the samples are marble, limestone, wood and plastic.",3.0,1.0
890,1,what kind of containers?big small? what are the samples? they don't tell us what they are they could be anything you don't know there rocks until you look at the data table.in this they say to place a sample of a material into a container and label. what sample? what material? what containers and what are we supposed to label? the sample or what is being put into?,2.0,0.6666666666666666
500,1,"some additional information that i would need to know to replicate the experiment would be what are the different samples that are used, i would also need to know how much of the sample to weigh, so they are all equall. what type of container should the sample be put into? how should i determine the mass of the different samples? how much vinegar to pour into the samples?.",3.0,1.0
175,1,"to replicate the experiment, they would need to tell you how much vinnegar to put in the cups, have all the rocks way the same and tell us why they are doing the experiment.",1.0,0.3333333333333333
563,1,"i would need to know what to measure the weight in, how much vinegear to put in, and how long to rinse each sample with distilled water for.",2.0,0.6666666666666666
1421,1,"after reading the group's procedure some additional information i would need in order to replicate this experiment is the amount of vinegar that you would pour into each of the four separate but identical containers. also you would have to know what the sample material is that you are placing in each of the containers, and finally you would have to mass out each individual container in order to get the actual mass for each sample, and the mass of the samples to container.",2.0,0.6666666666666666
823,1,"the sample is marble, starting mass 9.8, ending mass 9.4 and difference in mass - 0.4. the limestone sample, starting mass 10.4, 9.1 ending mass, difference - 0.4.",0.0,0.0
1304,1,the group in this experiment can do,1.0,0.3333333333333333
19,1,"in order to replicate this experiment i would need a scare in order to get the mass. next, i would need tape and markers to label the containers. last, i would need all 4 samples and graduated cylinders as a container to replicate this experiment.",0.0,0.0
425,1,what was the purpose for them doing this experiment? ^p why did they choose to set up there lable this way? ^p and for me to replicate the procedure would be impossible due to the fact that there's no problem also there not alot of information provide that examples the directions.,0.0,0.0
1273,1,"after i read the groups procedure, i determined that you need to know how much vinegar to pour in the contain in step 2. another piece of information you need is what type of vinigar you need. the last piece of information you need is what size container should you use.",3.0,1.0
287,1,"in order to replicate this experiment i would also need materials i would use. i would need the amount of vinegar in the container, and i would also need time limit to do the test.",1.5,0.5
1325,1,"to replicate this experiment project, you would need to know what type of containers were used to add the vinegar and how much vinegar to pour in each of the containers. also, you would need to know how much each sample you need to place in the vinegar, how much distilled water you need to rinse it with and how well.",2.5,0.8333333333333334
430,1,one step that missed was to gather all all the materials. another step that should add is how much vinegar to put each cup. another step they might have to add as well is how much distilled water that would be to one each errape.,1.0,0.3333333333333333
1262,1,"to replicate this procedure you would need to know a few more steps. first of all, they did not say how much vinegar you would need to pour in the container with the samples. also, they must specify when you weigh the samples to get the starting weight that they recorded. also, they did not say when to record the data you have and how you are getting the difference in mass.",1.0,0.3333333333333333
554,1,"i would needed to know what different samples to find the mass, how much starting mass i would need, and how to measure the ending mass. without these three pieces of information, i would not be able to replicate the experiment exactly.",0.5,0.1666666666666666
32,1,you will need a timer to determine the time that the vinegar dryed up.,0.0,0.0
862,1,"to replicate this experiment, you would need to know, how much vinegar to use in the samples, two, how big the pieces of rocks are,if they are the same or not and think you would need to know more about the containers, do they need a lid to cover evaporation, how large are they. more specific information is need to replicate this experiment from the procedure student here.",3.0,1.0
713,1,additional information needed to replicate this experiment would be to give the samples and how much of the samples were used in the procedure. also the amount of vinegar and the size of the container used should be given.,3.0,1.0
215,1,to replicate this experiment i would need to know how much vinegar to pour into the containers to insure each sample has to same amount to react to. i would need to also know which type of container to use.,2.0,0.6666666666666666
1172,1,"to replicate this procedure, you would need to know many things. for instance, you would need to know how big the container migt contained each separate sample were, you would also need to know how much vinegar was placed in the containers. you would also need to know how many kmrs the group repeated the procedure to know if is was accurate.",2.0,0.6666666666666666
328,1,"to make this procedure repeatable, we would first need to know the four samples we would be working with. otherwise, we couldn't even start the experiment. we would also need to know how much vinegar in ml to pour in the cups.",2.0,0.6666666666666666
1135,1,there are several pieces of information that needs to be added in order to replicate,3.0,1.0
538,1,"after reading the group's procedure, the group should add a hypothesis, controll, and objective.",0.0,0.0
981,1,in order to replicate the experiment i would need to know the amount of vinegar that get poured into containers what type of containers have vinegar is in and now much distilled water to rinse each material rilin without much details the experiment that i would conduct would mass likely give me different results that the groups of students.,2.0,0.6666666666666666
343,1,"the additional information that you would need in order to replicate the experiment would be, what kind of containers do they want us to use? you would need a sample of each of the substances. as well as knowing what type of each substance you need. last you would need the vinegar to pour into each of the containers, which changes the mass of each sample.",2.5,0.8333333333333334
148,1,what are the samples/what is the material use how much vinegar is poored in the containers.,2.0,0.6666666666666666
362,1,"after reading the group procedure the additional information i would need to replicate the experiment is what material are are the 4 different samples make of it is not listed in the procedure,how much vinegar should i pour in each container more or less could affect how much mass has ended ,what shape the sample were in in shape with there surface, we would have more contact with the vinegar, ending it right and the mass of the starting material if it was to replicate to experiment or repeat the exactly i would need know how much of each sample was used.",3.0,1.0
84,1,you got to put more vinegar in wood so it make no different in mass in plastic out a little not more vinegar so it could do more reaction.,0.0,0.0
49,1,"they should take more notes, that way, in case they mess up, they can have a the information how to redo it.",0.0,0.0
470,1,"well you would need samples from the containers and rinse each sample with distilled water. three pieces of information, limestone, plastic, marble.",0.0,0.0
156,1,"some additional information would be how much of each sample would be put into the vinegar. also, maybe not have then sit for 24 hours, but hav then sit less. they could also have rinsed them with replica water instead of distilled water.",0.0,0.0
997,1,"how much liasis was used in each container,rinse with distilled water for how long .how much the container have to be.",2.0,0.6666666666666666
1170,1,the additional information you would need in order to replicate the expierence is the 4 samples. the starting mass the ending mass and the time. also the difference in mass.,0.5,0.1666666666666666
1001,1,in these procedure it's not explained what this sample is that there putting in. so if we knew exactly what is was it would help. there should be a control with containers without vinegar to compare to the other samples with vinegar. the last thing to make the procedure right is to know the mass of each sample to know much to use.,1.0,0.3333333333333333
1364,1,you would to add the labels again. then you would have to record your results yet again and then you would check you work.,0.0,0.0
503,1,"you need something like a scale to determine the mass. ""determine the mass of four different samples"". you need to identify what that sample. you also need to identify the amount of vinegar needed.",2.0,0.6666666666666666
180,1,the group needs to add what to label because,1.0,0.3333333333333333
1021,1,1. what are the four different samples? ^p 2. how much vinegar are you supposed to pour into each sample? ^p 3. how are you going to measure the mass?,2.0,0.6666666666666666
1178,1,"in order to replicate the experiment you would need to have to add some steps. a few steps that were missing would be the amount of vinegar poured in each cup, how long to rinse the distilled water and also where to let these samples dry off at.",3.0,1.0
629,1,"the group failed to identify how much vinegar you should pour into each container, what to label the containers, or what ""materials"" to put in the containers.they also forgot to include safety procedures and did not tell you to measure the different in or masses to carry the smals.",2.0,0.6666666666666666
531,1,"there are several pieces of information that i would need to replicate this experiment. firstly, in step one, i would want to know specifically what the four different samples were. secondly, in step two, i need to know how much vinegar to pour into the containers. thirdly, in step three, i would need to know how much of each material to put into each container. having a specific mass for the sample would be helpful in keeping the experiment consistent. all three of these pieces of additional information would extremely helpful in replicating this experiment and avoiding possible source of error while replicating.",2.0,0.6666666666666666
348,1,to replicate this experiment you would need to add what scale weight rocks with. you will need a more detailed procedure with a lot of steps so what youcan know what you have to do.,0.0,0.0
1384,1,"additional information that should be added and to be started with is a breif introduction of the experiment and the purpose of it. what kinds of mass, should be added in so that can cause confusion. the way i know , what were tha masses was the students data that was recorded. the procedure should also state exactly what neeeds to be recorded like starting and ending mass and the difference in mass.",0.0,0.0
1636,1,"some additional information that we would need in order to replicate this experiment is observations of what the samples looked like before, during and after the chemical reactions. also, we would need to know the mass of the cup to make sure we are just calculating the mass of the four and lastly, you need to re-check your calculations.",0.5,0.1666666666666666
775,1,"to replicate the experiment, you would need to include a couple steps to the procedure in order to make it clear and valid. they should add a control to it to improve it with their results and to make it more clear include. lastly, that you need to find the difference between the starting and ending mass.",0.0,0.0
1096,1,"you would need to know if the vinegar was to cover the whole sample or not, as this would affect the amount of mass lost. you would need to know how long to rinse the sample in distilled water as it could effect your results and difference in mass. you would also might want to consider how big of a piece of sample to use.",3.0,1.0
724,1,they also should watch how all the samples change and take notes. see if any of them dry slower then others or faster and why might they. then see how it changes during the day.,0.0,0.0
780,1,"limestone has the highest starting mass then come wood, marble, and plastic so this investigation is complete.",0.0,0.0
245,1,"in order to replicate this experiment i would have to know a few more things. one thing i need to know is the temperature at which they did the experiment. i would also need to know how much vinegar was used in the containers. lastly, i would need to know the appropriate time for rinsing the samples.",3.0,1.0
1230,1,after reading the groups procedure there were many piece of information they could have added. one by showing how much vinegar was used in the test tube. another reason is for step number three the group could of showed what they used as their control. the group did not mention a control. if there was a control it would have been all the same material but instead of vinegar the could ofused water. lastly the group could have shown that they used two or more trials.,1.0,0.3333333333333333
314,1,this experiment is not right because they would need to tell how much vinegar they put in each cup and it will have to all be the same.,1.0,0.3333333333333333
437,1,"after reading the group's procedure, some good additional information would be what the containers are made of, the dependent variable, and the dependent variable.",1.0,0.3333333333333333
1581,1,1)you will need to know the temperature of which to keep the samples at. ^p 2)the surface are in each of the samples exposed to the vinegar. ^p 3)how much vinegar to put the samples in.,3.0,1.0
864,1,"the additional information i would need would be how much vinegar to pour into each container also how long it rinse after the 24 hours, and a problem statement said also be necessary.",2.0,0.6666666666666666
310,1,you will need to place the sample in one container and repeat with the remaining samples in a single container. after the 24 hours is over remove samples and rinse. have the samples sit and dry for 30 min.,0.0,0.0
432,1,"after reading the groups procedure, i think they should have added record the data, get materials, observe the expariment and repeat expariment.",0.0,0.0
372,1,"you need to repeat the the experiment 2 more time, record all data then compare them to see of samples have any change. also backround information is important to any experiment.",0.0,0.0
1512,1,this experiment will need more trials to see if the results are convincing. the group needs to add a specific measure of vinegar added to the materials. they need to add how long they rinse each sample after the 24 hours is up.,2.0,0.6666666666666666
182,1,"first, you would need to know exactly how much vinegar to pour into each of the identical containers. you would also need to know what the size and material the container is made out of. lastly, they should tell you where to leave the containers such as in the sun, in a dry, cold place etc.",3.0,1.0
621,1,"in order to replicate this experiment, you would need to know what the students are looking for? why each steps of the procedure is being done? why those four samples were chosen and if there should be more trials or repettions , in order to create more accurate data.",0.0,0.0
588,1,"in order to replicate the experiment you would need to know how big of a container to use (what it should be able to hold), how much vinegar to pour into each container ( how many ml ), what type of vinegar, what to weigh the samples on (bathroom scale or type of beam balance, maybe electronic?).",3.0,1.0
1651,1,after reading the group procedure i would add what the four different samples were for step 3 i would use a example like price marble into one container and label it made so other would be able to make clearly see the steps i took after step ca i would add determine the difference between the ending mass and the starting mass record the difference in mass other information i would are: 1) how to determine the mass and 2)how much vinegar to pour.,1.0,0.3333333333333333
1532,1,"two samples of each material must be collected make two charts, one for your first trial and one for the second. calculate the averages from your two trials.",0.0,0.0
298,1,"in order to replicate the group's experement, i would need the following information, what the 4 samples are, how much vinegar to put into each containers and how much of each sample.",2.0,0.6666666666666666
710,1,"you would need to know the amount of vinegar needed, the type of container and the amount of time to rinse each sample with water.",3.0,1.0
463,1,"to replicate this experiment i would also need to know, in step two how much vinegar to pour into each containers. otherwise you would not accurately be able to conduct this experiment.",1.0,0.3333333333333333
1091,1,"three aditional pieces of information that are needed to do this procedure are how do you determine the mass, how much vinegar do you need in each cup, and they should have written the four diffrent samples in the procedure.",2.0,0.6666666666666666
1638,1,"the group's procedure is missing a couple of elements. for one, they need to tell the reader how much vinegar to put with each sample secondly, they need to record the size of each sample. they need to determine how much rinsed water is needed to wash all the samples.",2.0,0.6666666666666666
379,1,"i think one thing would be that we might need to know what the purposes of this experiment would be, anther is they didn't put in the procedure the names of materials we are using and a last thing would be is we might need a scale to measure the difference in masses.",1.0,0.3333333333333333
1331,1,"in order to replicate the experiment, you need the starting mass, the ending mass and the difference in mass. for example, the marble starting mass is ""9.8"" the ending mass is ""9.4"" and the difference in mass is ""0.4."" now for the limestone, the data the group of students got was ""10.4"" for starting mass,""9.1"" ending mass, ""-1.3"" difference mass now for the wood students got ""11.2"". starting mass ""11.2"" ending mass and 0.0 for difference mass.",0.0,0.0
127,1,"the additional information i would need to radicate the experiment i would explain the look of the outcome of the experiment. i would put ""after 24 hours, remove the samples from the container & rinse each sample w/ distilled water. ""allow the samples to sit and dry for 30 minutes. instead of putting ""determine the mass of each sample"". i would tell you the outcome on what happened and how the experiment turned out.",0.0,0.0
896,1,"after reading the groups procedure, i would need to know the most important part of the experiment, the samples i would use. in the procedure the group does not say that you need marble, limestone, wood, and plastic. additional information i would need would be how much of each sample i would need because i may need a band or ocuple of ances and i would need to know how much vinegar to use for each sample.",2.0,0.6666666666666666
989,1,"to replicate this experiment, you would need to know how much vinegar you are using to put in the four cups, what measuring tool you are using to measure the mass of the samples, and what yourdetermining the mass of. in their procedure, it doesn't say how much vinegar they used nor the measureing tool they used. it also doesn't provide us with the answer of what they are actually getting the mass of.",1.0,0.3333333333333333
357,1,to replicate the expirement i would need to know how much vinegar to put in each cup and how much of each sample.,1.0,0.3333333333333333
1353,1,"you would have to see what is the amount of rain. also , need all the measurements of the vinegar.",1.0,0.3333333333333333
210,1,"they would have to add put each four different sample, in four separate, but identical containers in which you poured the vinegar. butthey have to tell you the amount of vinegar to pour in all four identical containers.",1.0,0.3333333333333333
141,1,"three additional pieces of information that i would need to know to replicate this experiment would be what exactly the four samples are of, how much vinegar to pour into each container, and what exactly the purpose or problem statement for this experiment was. also, how much distilled water i would need to use.",2.0,0.6666666666666666
1328,1,"i would need to know how big the containers were, how much vinegar to use, and what amount of each of the 4 samples to replicate the experiment.",2.0,0.6666666666666666
1115,1,"in order to replicate this experiment, you would need to know how much vinegar to put into each container. you also need to be more specific and use proper names of things instead of using the word ''sample''. also, step 3 should be switched with step 2. in order to make sense you should label things before you pour staff into the containers and this will help in the replication of the experiment.",2.0,0.6666666666666666
1489,1,to replicate the experiment you would need to add control variant. you will need to make sure that they all stay at the same temperature throught the experiment. also you will need to make sure that the same amount of vinegar is used in each.,2.0,0.6666666666666666
1318,1,"the additional information that we would need is, how much vinegar we need to pour on each of the four separate containers. also, it says to label the container but what are we supposed to label. lastly, it says to place a sample of one material but it doesn't say what kind of material and in the beginning, it says to determine the mass of four different samples but we don't know what kind samples . so they should say the names of it. there is a lot of information that is missing from this procedure.",2.0,0.6666666666666666
844,1,if i was going to repeat this experimen i would need to know 2 things about the vinegar i would need to know how much vinegar to put the samples in and what type of vinegar.what type of plastic would i need what temperature would i put the samples soak in.,3.0,1.0
816,1,the information i want is the measures how much did you put in each cup put the table in order from small or large.,0.0,0.0
1110,1,additional information that would be how much vinegar would you need to pour into the containers at the beginning of the procedure. also what type of containers should you put the samples in? how big should they be. another thing would have to be how big all of the samples need to be so the results come out right.,3.0,1.0
1555,1,the additional information you would need in order to replicate the experiment form a hypothesis. draw a conclusion. say what you are experimenting.,0.0,0.0
614,1,"in order to replicate the experiment, the procedure needs to include how much vinegar is going to be poured in the containers, how much water you rinse the containers with, where it is being dried and how to measure the mass (grams, dounds,etc.)",2.0,0.6666666666666666
11,1,an additional information that i would need in order to replicate the experiment,0.0,0.0
1117,1,i would need to know how much vinegar they used. how big the materials were that they used what kind of containers they were using.,3.0,1.0
284,1,first i would add that the students might want to add a list of materials that they need. a hypothesis and write a question to what there trying to figure out.,0.5,0.1666666666666666
293,1,"to add to the experiment design, the group should keep the amount of vinegar and containers as controlled variables. following this, you will",1.0,0.3333333333333333
945,1,"in order to replicate the experiment is to have more samples, time and containers. so you can use different sample different results of the mass in all objects.",0.0,0.0
616,1,"additional information that you would need for this experiment would be how much vinegar to put in, how big the container should be, and if the material should be or shouldn't be fully submerged by the vinegar.",3.0,1.0
130,1,"we would word correct safety measures to take,the control,the effect of vinegar,what temperature to store them at,what the identical containers are made of and its size,what type of scale to use to meas it,the amount of vinegar in each container,i more trials",3.0,1.0
325,1,"to replicate this experiment, the reader needs to know what kinds of samples to use, how much vinegar to use and what kinds of containers to use. the procedure is very vague. a scientist would need much more specific information in order to perform the experiment. therefore the students should specify the marble, limestone, wood + plastic. they should also specify the amount of vinegar needed as well as the type of container that should be used.",3.0,1.0
835,1,"in order to replicate this experiment with only the procedure, one would need to know what the given materials are . one would also need to know how much vinegar to pour into each cup. without this information, the results would be inaccurate. in addition, one would need to know to measure the mass of each sample. this information would lead to the successful replication of this experiment.",2.0,0.6666666666666666
604,1,"you would need several things in addition to replicate this experiment. one would be how much vinegar to pour into the container. another would be if all the containers got the same amount of vinegar or do they differ. a third piece of information needed would be what samples to use. also, if they should all start out with the same mass or not.",2.0,0.6666666666666666
1354,1,"to replicate this groups exiperiment, i would need to know how much vinegar i should use, what samples to use (incase the graph wasn't shown, then i wouldn't know) and lastly i would need to know how to determine the mass. since i am unaware of how to determine the mass. in the procedure it should say ""determine the mass by...""",2.0,0.6666666666666666
620,1,"the procedure never states what the samples are.it needs to add the four samples marbles,limestone,wood and plastic into the first step.the procedure needs to state in the first step that the starting mass i) being measured and in the 6th step that the ending mass is being measured.the procedure also needs to add a step to tell the experimenter to determine the difference in mass from the starting and ending masses",1.0,0.3333333333333333
1188,1,"after reading the students procedure, i though that they needed to add some things in their graph. what about the 24 hours? didn't they say after 24 hours but did they do this experiment at school? because if they did, then they can't stay in school for 24 hours a day. how about the containers? lastly, negative numbers? in mass, i never knew that you can have negative grams.",0.5,0.1666666666666666
809,1,in order to replicate this experiment additional iformation is needed. the samples ^p need to be listed. also why those samples were chosen needs to be ^p added in order to replicate the experiment. another thing that needs to be added is the reason why we are finding the difference in mass.,1.0,0.3333333333333333
768,1,"in the procedure, the group of students said to pour vinegar in each of four containers. however, the students failed to state how much vinegar should be added. by not doing so one could try the experiment as the procedure says to but may get different results because the amount of vinegar that he or she used may be different from the students' amount. also, there needs to three trials of each of the samples and a clear explanation as to how the mass of the samples was found.",1.0,0.3333333333333333
159,1,"we had all the information we need to do the experiment, we allready know that wood is the one that has more mass out of all of them and that plastic is the least one but maybe if they would've explained it better to be able to complete the mass, because it looks like they only have estimates for the mass.",0.0,0.0
707,1,"in order to replicate this experiment, i would need to know many details. first, i would need to know what samples i am using in order to find their mass. i also would need to know how large each material is. this way i can perform an accurate best because i would know how large the material was. also, i would need to know how much vinegar to pour into each of the cups so that each material recieves the same amount. last, i would need to know how to rinse each material so that they all recieve the same amount of water.",3.0,1.0
519,1,"more information would be needed to replicate the experiment. it needs to be explained what the samples are of. it should say how much vinegar to use. also, it should be stated where to put the samples submerged in vinegar. there should be a control included within the experiment. directions should be given to calculate the difference in mass.",3.0,1.0
1191,1,"in order to replicate the experiment i would need to know how much of the sample is put in,also how much vinegar to pour in. i would also need to know what i am measuring the mass in,grams,etc. if i had the names of the samples then it would be easy to replicate the experiment. they also need say where to place the samples,a counter,in the sun,in the closet,they say nothing. also the biggest of all what am i taking this for?",3.0,1.0
600,1,"what are the four samples? are what kind of materials you would need, are tgoing out a hypothesis.",1.0,0.3333333333333333
196,1,"the additional information i would need in order to replicate this experiment are the mass of the containers because if you placed the substance in with the sample, in order to find the mass of only the sample, you need to subtract the mass of the container. also it is necessary to know how much vinegar to mix in with the sample. i also need to know what type of environment to put the samples when i am waiting 24 hours. lastly, i need to know what type of container to put the samples in because it may have an affect on how the samples react.",3.0,1.0
1376,1,"you would need something that measures more then measure it after the time is up there different coloured cups, so its easy to tell the different between the three cups in the same temperature because the temperature can slow and speed up the process.",1.0,0.3333333333333333
624,1,"in order to replicate this experiment you need to know how much vinegar you need to pour on the four different samples. the second thing you need to know is, what temperature the room is when you start the experiment.the last step is, write a group and write the conclusion of your experiment record.",2.0,0.6666666666666666
412,1,the group would need say what the four samples are in the procedure. they need to tell you how much vinegar to pour in each container. the group also does not tell you how to way each sample's mass.,2.0,0.6666666666666666
97,1,"in order to replicate the experiment, the procedure would have to add more details. in the first bullet, the four samples should be stated as marble, limestone, wood and plastic. you should describe the containers where to put the samples and how much you need. there should be a step where you find the starting mass before the experiment. also there should be measurements of how much vinegar should be added. one last thing, is when you say to determine the mass on the procedure it should say,in grams.",3.0,1.0
717,1,some additional information you would need is what samples there putting in. they need a a hypothesis showing what conclusion for the hypothesis.,1.0,0.3333333333333333
971,1,you would need to know the size of the samples and how much vinegar to use. the size of the containers would also be vital to replicate the experiment.,3.0,1.0
157,1,the additional information necessary to replicate the experiment are: ^p 1.)the amount of vinegar to pour - this must remain constant in a credible experiment. ^p 2.)the types of samples used should be in the procedure. ^p 3.),2.0,0.6666666666666666
421,1,"some additional information i would need in order to replicate this experiment would be the amount of vinegar poured into each seperate containers. if i did not have the data table, i would also need to be told in the procedure what the four different samples are. it would also be helpful to know what type of containers were used. in order to replicate on experiement, the procedure must be precise and not have any information out, or else the data may come out completely different and not be comperable to the first set of data.",3.0,1.0
784,1,"they should include in their procedure what the four samples of material they were using, their predictions for what would occur with those four objects and it should tell the reader to find the difference between the new and old mass to find out if the idem was affected.",1.0,0.3333333333333333
479,1,to repeat this expirement i would need to know what the four samples were and how wide the containers should be.,2.0,0.6666666666666666
748,1,the additional information that is needed to replicate this experiment is the amount of vinegar that is needed in each container. and also the site of the container needed for this experiment.,2.0,0.6666666666666666
1214,1,"to replicate this experiment, i would have to know the problem and how much vinigar to pour into each container. how much water do you rinse them with and for how long?",2.0,0.6666666666666666
1552,1,the way you would replicate the experiment is by repeating the procedure but just use a different sample ingredent.,0.0,0.0
449,1,this information needs to be added to the procedure in order to replicate the experiment; ^p -amount of vinegar poured ^p -identify types of samples used in the procedure ^p -temperature and ^p -size of containers_open/closed lid,3.0,1.0
760,1,"the additional info that you need is a control, how much vinegar you are adding and how much of the material is used.",1.0,0.3333333333333333
179,1,"the additional information i would need to know in order to replicate the experiment is what kind of samples they are using. in step 1, it tells me to determine the mass of four different samples, but doesn't tell me which kind. in step 2, it tells me to pour vinegar into each container but doesn't tell me what size or type of container. after sample are removed from the containers after 24 hours, i need to find the mass of each sample. step 6, but they don;t tell me to subtract the end mass from the slurhnf.",2.5,0.8333333333333334
392,1,this experement didn't have a controle and the grupe didn't do multiple triles. you would also may need to know what tempriture the rome is.,1.0,0.3333333333333333
581,1,"first off they dont tell you how much vinegar to put into the containers, & also that they should have addedacontrol or just water to have samples to confound and do.",1.0,0.3333333333333333
1431,1,"to be able to replicate this experiment, the group would need to add what each sample is. they should also include at what temperature stay left the sample at and lastly they should also add that they must record their data in table, so that all the information is clear.",2.0,0.6666666666666666
1049,1,some information i would need to have during the procedure would be wither or not to have the same amount of samples not just their mass. also i would need to know the amount of vinegar needed to pour into the containers. and finally where do i pour the samples when filter and after the containers ?,2.5,0.8333333333333334
1377,1,"there are several things this group should have included, in their procedure. they did not specify what type of container or how large. they did not say what type of vinegar or how much to pour into the container. they did not say what to do with the container when you finish. they did not specify how they determined the mass.",3.0,1.0
1524,1,additional infomation that you would need to replicate this experiment is to remember to write in the procedure to record data. also name the four different samples you will be working with. also make sure you work with one sample at a time.,1.0,0.3333333333333333
1099,1,"in order to replicate this experiment you need to know the mass for each sample if it's the same or not, you also need to know the amount of vinegar and the size of the containers. the given procedure doesn't tell the location so you need to know the location of the containers.",3.0,1.0
918,1,"first, would want to know what materials i would be testing in the procedure, the students do not povide a clear explanation of what is being tested. also, how do we move the samples without touching them with our fingers, they should specify if we need to use forces to move them or not. the acids on our fingers could affect the samples, they should also describe how to figure out the mass, the way they wrote the procedure makes it so that one would not know what device to use to figure their new mass.",1.0,0.3333333333333333
1609,1,"in order to replicate the experiment, you would need to know how much vinegar to put into the containers.",1.0,0.3333333333333333
143,1,"in order to complete this experiment, you would need additional information. you would need to know the list of materials to have everything to complete your experiment. you would also need to know where the experiment was performed to weigh any outside factors. you might also need to know to know the constants. what type of vinegar, and what time you started.",2.5,0.8333333333333334
1268,1,"when they are going through the procedure, they did not include the names of the tested items. they also didn't say what they were testing it for.",1.0,0.3333333333333333
1052,1,"in order to replicate the experiment you would need to know what the the types of materials where. also how much of each material would you need in order to be able to do the experiment, then it says you measure the mass of each substances. you would need to know if they found the mass in the cups or not. that could affect the out come if you don't know.",0.5,0.1666666666666666
919,1,"to replicate the experiment you would need to know what kind of samples you could use, such as marble or plastic. you would also need to know how to determine the samples and to find the difference in mass at the end. between the starting mass and the ending mass of each sample.",1.0,0.3333333333333333
639,1,in order to replicate the experiment the information that i would need is how much vinegar do i pour on each sample. also i would need to know what type of vinegar to use and do i put the samples in a refreglatar or reave them at room temperature.,3.0,1.0
805,1,"after reading the group's procedure, i can see that additional information is needed to do the experiment. first, i would need to the materials needed for the lab. i would need to get these items in ahead of time, and have the right things like containers. i would also need to know what kind of rocks were used. if i was looking at a sheet or instructions that contained only the procedure, i would need to know what rocks were used. a third thing the procedure hasn't told us is the amount of vinegar. for this to be a valid experiment, we would need to use the same amount of vinegar.",2.5,0.8333333333333334
618,1,to replicate this experiment i would need to know how much vinegar to put in each sample. i would also need to know what the control of the experiment was so i could compare results of the samples. lastly i would need to know if the experiment was completed.,1.0,0.3333333333333333
296,1,"you will need more mass and you have to dry it for 30 minutes. after 24 hours, remove the samples from the containers and note each sample with distilled water. you will probably need more of a little bit of everything.",0.0,0.0
1134,1,"some of the things i would like to know is what are the four identical containers, what are the sample, and what are they testing for exactly.",2.0,0.6666666666666666
1585,1,"in order to replicate the experiment you would need to know what kind of vinegar you would put the samples in, how much vinegar you would put each sample in and how many times would be needed to rinse each sample of the vinegar.",2.5,0.8333333333333334
89,1,"the independent varriable is the imarble, limestone wood, plastic.the marble starting point was 9.8g. the limestone was 10.4g and wood starting point 11.2.the end of the exeperiment is that you have to determine the mass of each sample.",0.0,0.0
42,1,"in order to replicate this experiment:you would need to know the amount of vinegar to pour in the container. you also need to know what to pe of coniainer to pour the vinegar in. also, you need to know how much or how long to rinse the samples with distilled water.",3.0,1.0
1613,1,there are three things you would need to know to replicate this experiment. you would need to know how much vinegar you needed to add to each of the four containers. another thing you would need to know is if the four samples all needed to have the same initial weight or mass or size. lastly the proceedure needs to tell you how to record your data. also you need to know what they are comparing their data to their control and constants.,1.5,0.5
132,1,this question would need to include the measurement of the containers & the amount of vinegar poured in each cup.,2.0,0.6666666666666666
718,1,"to make this experiment more accurate and the no to replicate it, i would need to the near of the 4 different samples in seat 1. ake what are its materials/containers can't in step 3. and finally i would need to know what to measure the samples with, what kind of units.",1.5,0.5
708,1,"in order to replicate the experiment, the group's procedure would need to include what each of the 4 different samples were, determining how much vinegar would be used in each container and it should state the conditions the sample would be in,for example the temp. of the room.",3.0,1.0
810,1,in order to replace this experiment i would need to know how much vinegar to pour into the container. i would also need to know what type of container. i would even like,3.0,1.0
1545,1,additional information that is needed to replicate this experiment would consist of three things. number one used be the amount of vinegar poured into the four separate beakers.i would also need to know what is the ml size of the identical beaker of size altered or not. the,2.0,0.6666666666666666
1255,1,"additional information would include, what were the four different substances. how much vinegar was put into every cup. also how much water was it rinse with it could also tell you figure out the difference.",2.0,0.6666666666666666
165,1,"in order to be able to duplicate this experiment, you need the following information: how much vinegar to use. also how big are the containers i.e what is what is their volume. and lastly how much of each sample to put into the containers.",2.0,0.6666666666666666
292,1,in order to complete the experiment you would need to know each temp. by hour bic it's recorded after a 24 har period. you would also need to know the mass before it was left to ary for 30 mins.,0.0,0.0
1579,1,"the temperature they were left at, know what substance the samples were, what temp the distilled water should be.",2.0,0.6666666666666666
730,1,"in order to replicate the group's experiment i would need to know the samples being used, how much vinegar to use and also what to lable. without this information it would be very difficult to replicate the experiment with just using their procedure because it is not specific enough and doesn't include all the information needed.",2.0,0.6666666666666666
350,1,"something that the group would need to do in order to make the procedure better is make sure one step is always gather materials. this insures that who ever has to do the experiment gets everything before they start. second make the sets easier to understand, step 3 is very hard to interpret. lastly make sure you clean up them at the end.",0.5,0.1666666666666666
574,1,i would need to know how,0.0,0.0
868,1,"in order to replicate the experiment there is some information that is needed. the size of the container needs to be determined. also, the procedure just says four different samples, it never says what there needs to be a number for how much vinegar needs to be poured into the containers. finally it doesn't say how long the sample should be rinced for. if those things are included in the procedure then the experiment could be duplicated.",3.0,1.0
1572,1,"to replicate this experiment, you would need to know how much vinegar was poured in the containers,you would also need to know how to determine the mass of the samples and you would also need to know more information on the containers.",2.0,0.6666666666666666
848,1,in this experiment you need to know the starting mass of all 4 samples and the ending mass of all of them. you may also need to know that they were soaked in vinegar for 24 hours. what would that do to the samples.,0.0,0.0
1025,1,i would first need to know what material the samples know and i would need to know how much vinegar. i would also need to know how big each sample should be. also how big the container would be.,3.0,1.0
1100,1,three things that should be included in this procedure is first it doesn't say how much vinegar is needed. second it doesn't state what are the samples like what rocks they are. it should state specifically that there should be limes tone or marble. a third additional information is needed is how many trials to do of this. a fourth additional is what would the mass be measured with. a fifth is that it should be stated whether or not there is a control in the experiment.,2.0,0.6666666666666666
1030,1,1. what kind of samples ? ^p 2. how much vinegar ? ^p 3. what kind of container ?,3.0,1.0
460,1,"the additional information that would be needed is determining the mass of four different samples, which is the marble, limestone, wood and plastic. the information that is needed is the starting and ending mass.",0.0,0.0
377,1,"in order to replicate the experiment for acid rain, you need additional information. first you need to know what type of samples your using. second, the procedure did not specify how big each samples should be. having different sizes might change the results. lastly when rinsing the sample under distilled water, you should know what temperature to use very hot or very cold water might also change the results.",2.0,0.6666666666666666
335,1,"i would still want to know what they were doing this experiment, how large were the samples and what was used to measure the work samples.",1.0,0.3333333333333333
1455,1,"they should describe what the samples are, how much vinegar do you put in each container.",2.0,0.6666666666666666
1470,1,"the students should have included information about what the 'samples' were, what type of vinegar to use and how much vinegar to use.",3.0,1.0
1217,1,"the mass,use different mass. different type of materials and different containers,",0.0,0.0
976,1,"in order to be able to recreate this experiment i would need to know what is in the cups. i am assuming that it was same type of acid, because the marble lost 4g, the limestone lost 1.3g and the plastic lost 1g. the acid in the cups would have eaten away at the materials, and different acids have different rates of corrosion, so i would need to know what acid acid and its ph in order to recreate this experiment",0.5,0.1666666666666666
1121,1,"after reading the groups procedure, the additional information i would need is the amount of vinegar used, how to find the mass, and the room temperature, in order to replicate the experiment.",2.0,0.6666666666666666
1547,1,"in order to replicate the experiment, i would need to know what samples they used. another piece of information i would need is how much vinegar do i use for each sample. lastly, i would need to know the question that the group of students are trying to answer.",2.0,0.6666666666666666
697,1,"to be able to replicate this experiment you would need know how much vineger to put in each containers, what type of scale to use to determine the mass. also the type of container needed.",2.0,0.6666666666666666
330,1,"after reading the groups procedure, i was left wondering what are the four different samples they are pouring. all they tell us is vinegar. also, what is the size of the containers? how much of each sample is being poured into the container? the group would need to tell us these facts so we can follow their steps to do the same experiment.",2.0,0.6666666666666666
758,1,"in order to replicate this experiment i would need a hypothesis, the materials that are needed and the measurement of liquid i would need. i would do the experiment the same way so i would also need to know what kind of container to use. i would also need to know at what time the experiment started and ended.",2.5,0.8333333333333334
320,1,they didn't include the temperature of the containers. they didn't have trials of testing.,0.5,0.1666666666666666
1280,1,"to reeplicate the procudure,the additional information i would need include:which samples of materials were placed first to last and basically in counts of even seconds, which materials were processed longer into the vinegar filled containers.",0.0,0.0
1236,1,"in the procedure more specific information is needed, such as the steps to determining the mass of each sample, how much vinegar should be poured in the four seperate containers and into what containers and with what do you label them with. with more specific information this would be a well written procedure.",2.0,0.6666666666666666
1451,1,to replicate this experiment you would need to know how many mls of vinegar to use. you would also need to know how much distilled water to rinse the samples with. to replicate this experiment you would need to know what type of containers to use to put the samples in. the type of samples also needs to be stated in the procedure not only in the results.,3.0,1.0
168,1,"to repeat this experiment, i would need to know the four different samples without knowing that i don't know what i'm testing. i also need to know how much vinegar in each of the 4 cups. i would need to know where to put all of the different containers. i don't know if they need to stay at room temp, cold or not.",3.0,1.0
13,1,"there are two pieces of additional information neccisary to replicate the experiment. fipst of all the procedure does not officialy specify what the four samples are. also,the procedure does not specify how much vinigar to pour for each container. a good procedure would have specified this",2.0,0.6666666666666666
172,1,"after reading the group's procedure in order to replicate the experiment, i would need to know the size of the containers because the smaller the container, the more densely packed the samples are. i would also need to know whether or not light and heat or dark and cold will affect the experiments.",2.0,0.6666666666666666
652,1,"the person doing the experiment would need to know how much vingear was poured into the container; what type of container they used. (plastic, metal, glass, etc; whether or not the person would need gloves, tongs and other utensils. you will also need a three beam scale to measure your materials before and after.",2.0,0.6666666666666666
262,1,the additional information that is needed to replicate this experiment would be how long the test samples would stay inside of the containers. you would also need to know what substance is also mixed in with the vinegar. you will also need to have 4 containers and they have to be labeled by which substance is inside of the container.,0.0,0.0
1426,1,some additional information that i would need would be how much vinegar do i pour into the containers? in what measurement do i measure the four samples.,1.5,0.5
1175,1,you would need to write down in the procedure to record the starting mass and the ending mass. you would also need to record the time that the samples were being listed.last is how would need to determine what kind of container the samples was being shown in.,1.5,0.5
675,1,"i would need to know what kind of instrument they used in order to determine the mass, i would need to know what sample materials i'm using in the procedure and i would need to know how many trials i would need to do.",1.0,0.3333333333333333
260,1,"the additional information that would be needed in order to replicate the experiment the number of trials they did in order to do the experiment, the amount of vinegar to put in the containers, the different samples they used (needs to be stated in procedures), and the amount of the sample placed in the container.",2.0,0.6666666666666666
986,1,"to replicate this experiment you would need the four different samples used, materials used in this experiment and a start time and ending time.",1.0,0.3333333333333333
139,1,some additional information needed would be where the containers are to sit. such as in the sun or in the refrigerator. how much vinegar are we putting into containers and what kind of containers are using?,3.0,1.0
552,1,"additional information you would need to replicate this experiment is how much vinger to put in each container. do you have to fill it or only put it so it reaches the top of the different materials? also other info would be, what size containers do you need for this experiment. lastly does it matter the material of the container: glass, metal. throw away containers.",3.0,1.0
1635,1,"first, you would need to know what samples are going in the cup. also, we need to know how much vinegar we are pouring into the samples. finally to duplicate this experiment you would need to know how much of the sample goes in each cup.",2.0,0.6666666666666666
1277,1,"in order to replicate this experiment, you would need to know were the samples were. some may have been warmer then others and some may have been cooler. this may have been effected the experiment.",1.0,0.3333333333333333
1514,1,"want wise the shops, if they wayed with the that they was holdings the thing, if it was dry, how much rinser did put in it.",1.0,0.3333333333333333
1337,1,"to replicate the experiment you would me to have the procedures, the materials and the time to do this project.",0.5,0.1666666666666666
561,1,in step one they could tell you the 4 different samples so that you could know what they are in step three they should tell you the amount os material that you should place in each container. after step number six it should say record data and repeat if needed.,1.0,0.3333333333333333
140,1,the students should say in the experiment what samples are being used. they should also say how much water they should use when they are distilling the sample and they also need to say how much vinegar they are pouring into each labeled cup.,2.0,0.6666666666666666
1453,1,the group was missing how much vinegar they used. more trials for each material would improve this lab.,1.0,0.3333333333333333
534,1,in order to replicate this experiment you would need to know how much vinegar to pour into the containers. you would also need to know what the materials are that you're putting into containers. you also might need to know the size of the identical containers and what kind of containers they are. all these things are essential to replicating this experiment.,3.0,1.0
226,1,"in order to repeat this experiment i would need to get the sample materials that they used. in this experiment they used marble, limestone, wood, plastic. the second step is to find the mass of the four samples. then follow the procedure that they give you to do the experiment. thats how i would do this experiment over.",1.0,0.3333333333333333
1334,1,for step two how much vinegar do you pour in? ^p for step four how do you remove the samples from the containers? ^p for step three what do you label the container?,1.0,0.3333333333333333
411,1,"the additional info i would need to replicate it is, marble, limestone, wood, plastic, water, container, vinegar, label.",0.0,0.0
327,1,how much vinegar you pour into the cups. what kind of vinegar you use.what kind of containers you should use.,3.0,1.0
847,1,"some additional information that they would need to include in order for someone to replicate their investigation, would be the amount of vinegar poured in each container, the size or amount of each sample needed & the type of containers to hold each sample in.",3.0,1.0
301,1,"to replicate the experiment , you would need to know the size of the containers, the amount of each material to start with, and the amount of vinegar used.",2.0,0.6666666666666666
1061,1,"first you would need to know the amount of vinegar that are to be put into each container. also, you would need to know what type if container to use. next the student should have put how he carried the sample and how rinses it off exactly, in order to replicate it. another thing that should have been included is the temperature of the water because it is possible that one temperature washes of the solution better than another.",2.0,0.6666666666666666
908,1,"you would need the starting mass, ending mass, and difference in mass.",0.0,0.0
1344,1,"for this experiment you would also need to know the equipment and the four samples.what were the samples and what else did you need to do the experiment also maybe a specific place to put the sample example light, dark rooms and temperature.should you do the experiment twice one in light room,one dark different temp.how should the containers be placed?",2.0,0.6666666666666666
1548,1,"in the procedure, they never said how to the difference in mass(g) and what it means. also it never said how much vinegar to pour in each container also they never said what of the samples were.",2.0,0.6666666666666666
194,1,"after reading the groups procedure,i found 2 more additional pieces of informotins so that i can duplicate the experiments. i need to know the independent variable, dependent variadle and how much vinegar to pour into each seperate containers.",1.0,0.3333333333333333
442,1,"in order to replicate this experiment, you would first need to know how much (volume or mml) you would need to pour into the containers. also, you would need to know how much specifically you would need to rinse the containers.nothing b messed up in the experiment. and step 5 does not explicate how to d it, does the experiment want the containers to have the same area, it does not explicate.",1.5,0.5
576,1,"in order to replicate the experiment, i need to know how much vinegar did the group of students pour in the identical containers, i need to know how much vinegar the students pour because its really important because maybe the students pour less vinegar in one cup and pour more in the other.",1.0,0.3333333333333333
506,1,"in order to replicate this experiment, the student would need to include how much distilled water the sample should be rinsed with. as well as how they determined the mass of the samples. lastly, they need to show us how much vinegar they poured into the containers.",1.0,0.3333333333333333
608,1,"in order to replicate the experiment, one would need to know what the sample was, a desirable range in which the mass could fall under and the amount of solution (vinegar) that should be applied for each sample (having a large range and an equal amount of solution compromises the validity)",2.0,0.6666666666666666
943,1,to replicate this experiment you would need to know how much vinegar was put into each cup. you should also use the same mass as in the original experiment. and you would have to know how much water to use or might have to allow more time for it to dry.,1.0,0.3333333333333333
1490,1,"the students could state how much vinegar is needed in each container, explaining weather the sample needs to be submersed compleatly or not.",2.0,0.6666666666666666
4,1,the student should list what rock is better and what rock is the worse in the procedure.,0.0,0.0
1380,1,in order to complete the experiment it would be necessary to know what the four materials actually are. the procedure simply refers to these unknown substances as samples or materials. also it is not know how moch vinegar to use for each substance. lastly it is important to know how much of each substance to use. these three factors are important in carrying out this procedure and experiment.,2.0,0.6666666666666666
469,1,"just based off of the procedure, you would need to know how much vinegar to put into each container as it never a list then correct amount. you'd also need to know what in use as a container, as some may be too large or small to get an accurate result. you'd also need to know the starting mass of each sample, and what the samples are.",3.0,1.0
323,1,"in order to replicate the experiment i would need to know how much vinegar to pour into the containers because if one sample had more vinegar in its container it might lose more mass. also i need to know what should i do with the containers once i've labeled them. the experiment's results might change if we are supposed to cap the containers or heat them, you don't know what to do. lastly, how much water should i rinse the samples with, if different amounts are used, the weight could differ.",2.0,0.6666666666666666
6,1,i would need the information of why you would let the different samples dry out of the containers. and what are they drying into?,0.5,0.1666666666666666
223,1,first they should of put the amount of vinegar being used. they don't say to record there data.,1.0,0.3333333333333333
550,1,"i would like to know what the experiment is for ? what are the measurements for all this, how much vinegar in each container ?",1.0,0.3333333333333333
926,1,after reading the group procedure i have vinegar multiple pieces of information in order to replicate its ^p experiment would need how much vinegar put in each cup how long as they would rock for the temperature of the water and what amount the condition they were around to dry in the.,3.0,1.0
40,1,"in order to replicate this experiment i would need to know, first how to calculate the mass of the samples. i would also need t o know what the four samples are, as if is not stated in the procedure. lastly to repeat this expirement i would need to know how much vinegar was placed into each container.",2.0,0.6666666666666666
545,1,"pour vinegar in each of four peparate but identical, containers. after 24 hours, remove the samples from the containers and rinse each sample with distilled water. allow the samples to sit and dry for 30 minutes.",0.0,0.0
244,1,some additional information the students come of included could be what type of materials were they putting in. another piece of information is how much vinegar was put into each container. another piece of information when to or how much was the samples weighed and how you weigh it.,2.0,0.6666666666666666
137,1,"additional information to be included into the procedure to replicate it would have to be to clarify in the first step, what the samples are going to be. it would also be good if you were to add where you should put your samples while they are sitting in the vinegar. it would have clarified the procedure also if it were added what we should use to measure the samples. it would also be helpful if the procedure included how much of each sample to test.",1.5,0.5
1466,1,in order to replicate this as the groups procedure would need to include what the four items they are testing and the group would also need to include the volume of vinegar which the four samples were added to. one last thing that would need to be specified is the concertation of the vinegar. if when the experiment is replicated and a different concentration of vinegar is used different results mass occuree.,3.0,1.0
1316,1,"in order to repeat the experiment by looking at the procedure,one must know what the four samples are. the amount of vinegar for each sample should be known as well. also,the person performing the procedure should know how much of each sample to take and what type of measurement to use when determining the mass (grarns).",2.0,0.6666666666666666
739,1,"as you can see the students investigation went well. the materials they used were marble, limestone, wood and plastic. by look of the data you can see that the starting mass for all of them is 9,8-marble, 10,4-limestone, 11,2-wood, 2,2-plastic. then the end mass read 9,4-marble, 9,1-limestone, 11,2-wood and 7,1-plastic. as you can see all of them exsape limestone decreased. as you can see the investigation took a lot of time to put together. so i believe as i have laid out for you that this investigation took a lot of time and they came out with wonderful results.",0.5,0.1666666666666666
1423,1,"some information needed is that they should tell us what the samples are, what to measure them in and how much vinigare to use because it will change the experiment alone by not adding the same amounts.",2.0,0.6666666666666666
1475,1,"to replicate the groups experiment, you would need to know how much vinegar was poured on the samples, as well as how much water you rinsed the samples with. you might also want to know what temperature this experiment was done in, as temp affects the results of them rens.",2.0,0.6666666666666666
1184,1,"you would need at least 4 containners, some vine-gar and label stickers. also you will might need is a watch to record your time of the mass.",0.0,0.0
990,1,"after reading the groups procedure, a few things are missing. i would need to know the exact mass each sample should be before the experiment. by having all the mass's the same, it would be easier to determine the difference. i would also need to know the exact amount of vinegar each cup of samples would get. also, some information such as how long i should rinse the samples for after the 24hours would be helpful in the replicn of this experiment.",2.0,0.6666666666666666
1521,1,"some additional infomation i would need to replicate this experiment would be a certain a mount of vinegar i would need to put into each cup, exactly what materials i am to add in each of the four cups, and also how to remove the samples from the containers.",2.0,0.6666666666666666
584,1,"you would need to have a control group in order to have the accurate masses of the samples. also plase the same amount of vinegar and water into each container, allowing students to record the correct data.",1.0,0.3333333333333333
1473,1,"to replicate this experiment , you would need to know how much vinegar to pour in each container. also, for the wood sample you would need to know the type of wood being used. last, you would need to know the size of the container being used and how to determine the mass of the samples.",2.0,0.6666666666666666
1645,1,"the additional information that would be needed is a control which could be no water added, 3 or more trials to make sure that their data is valid and also how much vinegar and water was used in the experiment.",1.0,0.3333333333333333
664,1,"these other pieces of information that i would need in order to replicate this experiment as are what do i obtain marble, limestone, wood and plastic. since there as the of materials",2.0,0.6666666666666666
1046,1,make sure they start with the same mass.,0.0,0.0
1546,1,"first off, we need to know how we should be measuring the mass, like with what kind of scale. they should also specify what units we are using such as grams. they also don't tell us how much vinegar to pour into these containers.",1.0,0.3333333333333333
378,1,the additional information needed to replicate this experiment is the amount of vinegar poured on each of the samples.also they would need to include a step in the beginning that asked for the scientist to measure the mass of each sample + finally they would have to tell the scientist what type of container to do the experiment in + whether this was the same for each sample. these additional steps + details would help create accuracy + consistency for all who completed the experiment.,2.0,0.6666666666666666
1231,1,"to recreate this experiment you would have to know how much vinegar would be poured into each of the containers. you would need to know what the samples are, how much of each are you would need. ^p a.k.a :-amount of vinegar ^p -what kind of material the samples are made of ^p -how much of each sample you'll add",2.0,0.6666666666666666
316,1,additional information that would be needed to replicate this experiment is how much vinegar to use and how much of each material to put into the vinegar. also the experiment doesn't say how to remove the materials from the vinegar.,1.0,0.3333333333333333
444,1,"additional information you would need in order to replicate this experiment is: how much vinegar to pour into each container. it should say what each ""sample"" is in the procedures. a list of materials.",2.5,0.8333333333333334
1556,1,"after reading the procedure, some additional information that i would need in order to replicate the experiment is a clear indication of what the four different samples are. i will also need to know what their controlled variable was and the exact mass that went into each container. i will also need to know what amount of vinegar went into each container and if this amount varied between the different containers.",2.0,0.6666666666666666
321,1,you would need to know how big the measure were do the samples sit to dry.,2.0,0.6666666666666666
1580,1,"the groups prosedure could use, they could add to find the diffrence in mass at the end. also list the type of meteral they roused. and they should tell you how much and what kind of vinegar they foused.",3.0,1.0
819,1,"this experiment ^p in order to replicate this experiment, i would need to know how much vinegar put on the container, the size of the samples i'd need to know with what they measured the starting and ending mass of the samples, what kind of container do i have to use.",3.0,1.0
982,1,"the additional information that i would need in order to replicate the experiment would be what size do the containers have to be, how much vinegar to pour in the containers, how big do the samples have to be, what should the labels say on them, how much water do i use and how long do i rinse for, and how do i measure the mass ?",3.0,1.0
1256,1,we would need to know the time between the starting point and the end point.,0.0,0.0
426,1,"it doesn't tell you what they are trying to figure out with the investigation. so we would be able to do the work, but i would know what we did if for after.",0.0,0.0
556,1,"to replicate this experiment, you would need to know how much vinegar you need to pour in each container. you will also need to know how you are determining the mass of the sample, and what the samples actually are of (what material).",2.0,0.6666666666666666
597,1,the students could have included how be determined the mass of the four items. they would also need to include the amount of vinegar they added to each container. it is also important that they include how much or how long the rinsed each item under the distilled water.,2.0,0.6666666666666666
1639,1,"in order to replicate the procedure, you need to know when other materials you will need, what samples you need.",1.0,0.3333333333333333
370,1,some additional information that is needed to replicate this experiment is what are the four different samples ? how much vineger do you have to pour into each container. and how many trials are needed to get more accurate data. we need those information to know how to do this experiment.,2.0,0.6666666666666666
1205,1,the first thing neccassary to replicate this experiment would be the amount of vinegar poured into each contain. the second thing neccasary would be how long we rinse of each sample with d water. the third thing we would have to know would be the volume of the containers.,3.0,1.0
952,1,"four different samples ^p pour vinegar in each ^p place a sample of one material ^p after 24 hours, allow samples to sit out for 30 min ^p determine the mass of each sample.",0.0,0.0
1351,1,"in order to replicate the experiment, the additional information you would need would be how much vinegar you should pour into the four separate containers in step 2. another piece of additional information would be mentioning the specific samples being used in the procedure. a third piece of information would be how much water you should rinse each sample with after the 24 hours.",2.0,0.6666666666666666
1308,1,"i would need to no how much vinegar you would put into each cup, how they determined the mass and how much of each sample did they use in each individual cups.",1.0,0.3333333333333333
229,1,"you would need to know how much vinegar was used, how much distilled water was used and what kind of containers were used.",2.0,0.6666666666666666
877,1,"what you would also need to know is why you would leave it in the container for 24 hours, and not any other time .how you got the mass for the four different sample and why you would let it sit out for 30 min.",0.0,0.0
1004,1,"one would need to know maly things in order to replicate the group's procedure. we would need to know how much vinegar was poured in each container, how much sample to put in the containers and how big the containers are themselves.",2.0,0.6666666666666666
1109,1,additional information you would need to replicate this experiment include the amount of each sample used; the materials used such as equipment to mass each sample and amount of containers needed. also you would need to know the amount of vinagar poured on each sample.,1.5,0.5
846,1,i believe that they should of put more information for example what happen when they were done with the experiment and what would happen if they didn't pour the right amount of vinegar that was needed.,1.0,0.3333333333333333
67,1,"after reading the group' procedure i did not know how much vinegar they would be pouring into the containers. this group also did not state the starting time at which they added the vinegar. this group also did not state the reason the data, they just said to determine it.",1.0,0.3333333333333333
395,1,"in order to replicate this experiment the type or sample would need to be indicated in the procedure in addition the size of the containers would need to be used. also the amount of material placed into each containers would need to be indicated.lastly, the amount of vinegar added into the container should be included.",3.0,1.0
582,1,the first thing the procedure needs to specific measurements the second thing it needs to identify each material. and the third thing is they need a controlled.,1.0,0.3333333333333333
25,1,some additional information that i would need is the amount of vinegar they poured.,1.0,0.3333333333333333
212,1,tools.,0.0,0.0
1286,1,well im not sure about this answer but if you want the same answer you repeat the steps in order to get the answer. but i think if they do the wood the viniguer will suck up-more because wood suck any liquid up. so it would have a different answer.,0.0,0.0
967,1,"in order to replicate this, i would need to know what the 4 samples this are testing for, so you don't know what to test. also, around how much of the samples do you need? 100g or 50g or 10g. also, how much vinegar to pour into each container. they must should be specific. they could have also added what to measure in grams, kg, lo etc. they should have also told what type of area to keep the samples in, light/dark,warm/cold.",3.0,1.0
539,1,"after reading the procedure to their experiment i would also need to know how much vinegar to use, what are we using to determine the mass of each samples from the containers with, and what are the fair samples suppose to be",2.0,0.6666666666666666
1338,1,"in order to replicate this experiment, a few pieces of additional information are needed. you wold need to know how much vinegar is being added to the containers. you would also need to know how much of one material is considered to be a sample. it is neccessary to know how to label the different containers since they are identical.",1.0,0.3333333333333333
812,1,i would need to know how much vinegar to be able to do this experiment.,1.0,0.3333333333333333
86,1,"to replicate this experiment one must know information that is not given by the procedure. first, we must know how much vinegar to put into the containers, enough to cover them? next, we need to know how the vinegar will affect the material. will we completely submerge it or only partially? finally, we need to know which materials to use. the data indicates them, but the procedure does not.",3.0,1.0
1637,1,"in order to replicate the experiment, we would need to know what different samples to use. they show 4 samples in the data table, but in the procedure it only says ''four different samples'' which can be misleading and confusing. we would also need to know how much vinegar to put in each. lastly, in order to replicate the group's procedure we would need to have a control variable that we could compare the results to.",2.0,0.6666666666666666
274,1,"if trying to replicate this experiment, you would need more information. you need to know how much vinegar to poor into the containers. you will also need to know what to label your container. how do you determine the mass of the samples when trying an experiment, you need to make sure that you have all of the correct information before starting your project.",1.0,0.3333333333333333
1081,1,"after reading the groups procedure, there are some pieces of information that are not given, for example, the group does not say how much vinegar was poured in the containers. they don't state how they find the mass of each sample. lastly, they don't give the names or amounts of each sample.",2.0,0.6666666666666666
1350,1,to replicate the group's experiment i would need to know how much vinegar and we would have to label the containers.,1.0,0.3333333333333333
811,1,"to replicate the experiment, you would have to know how much vinegar to use in each container, you'd need to know what time you started so that you could remove the samples from the containers as soon as exactly 24hrs have passed and lastly you'd need to know what time you set the samples out to dry so they can dry for the full 30min.",1.0,0.3333333333333333
1505,1,"the additional information i would need to know in order to repeat this experiment is to know the amount of vinegar in each container, the mass of the four samples and to know what are the four samples used in the experiment. i would need these 3 pieces of information so i can repeat this experiment.",2.0,0.6666666666666666
633,1,"the biggest problem is that there is no control which would make the experiment invalide. another problem is that they didn't mention how much vinegar should be used. the group wasn't very specific, for example they didn't say what temp. the samples should be kept at. by not mentioning constants and leaving out the control their experiment would be invalid.",2.0,0.6666666666666666
1145,1,"this group of students did not include many important information that was needed in order to replicate this lab experiment. one additional information they could have added was the messures in which they determined the mass of the four different materials, did they use a scale of a halause. another additional information was the amount of vinegar poured into the contain, these students did not specify how much vinegar to pour which can definately change the outcome of the experiment. lastly, the students did not create a control from which they can compare their results with.",1.0,0.3333333333333333
1559,1,"in order to replicate the experiment you would need to know which sample is going in which container, you would need to record all of the masses of each sample and make sure all the masses are the same. you would also have to pour the same amount of vinegar on each sample. after the 24 hours, rinseing samples and letting each sit for 30 minuets you would weigh each sample again and see which one is most different in mass.",1.0,0.3333333333333333
1358,1,"after reading the groups procedure the additional information you need is the dependent and independent variable, central and costenit,hypothesis, and problem statement.",0.0,0.0
508,1,"some additional information you would need is how much vinegar to put in the four containers, the actually samples they use ( marble, limestone, wood, plastic), and how you would measure the mass of each sample.",2.0,0.6666666666666666
275,1,"in order to replicate this experiment, you would need to know the materials your using. this procedure does not state the materials needed so you have no idea what to put in the containers full of vinegar.",1.0,0.3333333333333333
889,1,"you would need to know first, the materials needed for the experiment. then, if the materials are listed, it will be easier to use them later on in the procedure. second, you will need to know how to measure the mass like with a triple beam balance. also, you will need to know how to remove the samples from the container. would it be necessary to take it out it out with your hands or may be use a tissue or metal handler to remove samples.",0.5,0.1666666666666666
1228,1,"to repeat the lab, the students are the information i would need is how much vinegar they used for each piece.",1.0,0.3333333333333333
364,1,"in order to replicate this procedures, you would need to know",3.0,1.0
1349,1,"in order to replicate the groups experiment you would need to know how much vinegar to add each sample. also you need to know what kind of container plastic, metal,paper this matter depending on how much vinegar would keep out of. also the mass of the sample all need to be the same different mater make different conclusions due to surface area and such.",3.0,1.0
625,1,"in order to replicate this experiment, the group would need some additional information in their procedure. an example would be how this group determined the mass of the substance. they need specifics like how much vinegar they need in each container, or how big the sample is or what the sample is. it's very vague, so they should add more specific.",3.0,1.0
3,1,"what you need is more trials, a control set up, and an exact amount of vinegar to pour in each cup/beaker. you could also take and check the mass every 30 min or 1 hour.",1.0,0.3333333333333333
7,1,"the information i would need in order to sucessfully replicate the experiment is the correct measurement they used for the experiment, also the materials that was used to creat the experiament. after the 24 hours, of removing the samples from the container and rinsen each sample with distilled water. making it dry for 30 mintued might not be long enough to really determine the mass of each sample, especially when you have more than one different samples to do with different texture.",0.5,0.1666666666666666
313,1,"three pieces of procedure would need to be further explained in order to replicate the experiment. first is how much vinegar should be alloted to each individual cup, as different amounts of the substance may have different effects on the samples. the next bit of info would be the size and shape of all samples, though the mass is given the surface area of each material is not. third is the conditions that the cups must be put in during the 24 hour wait period. should they be covered or placed in a concentrated environment ? factors like this can have a large effect on the experiment.",3.0,1.0
1250,1,to replicate the experiment the amount of vinegar would need to be known to keep the experiment a constant. the containers that the materials are put into would also will have to be the same size to keep everything the same. the materials would have to be rinsed with the same distilled water and set to dry in the same temperature environment.,2.5,0.8333333333333334
813,1,need an exeirimental desier staldhs the hypothics title and iv and ov.,0.0,0.0
668,1,one would need to find out witch sample is bigger and see how much big it is than the rest of them. try to find out witch one can be is acid rain and not loss any mass and tell them you think this had happened in an if the because sentence.,0.0,0.0
366,1,"addition information that would be needed would be how much vinegar you pour in the separate containers. another thing that would be needed is the types of racks, because the grap didn't specify the different samples in the procedure, the group would also need to tell you what you are using to determine the mass of the samples before and after, for example, they could have said to measure it in grams.",2.0,0.6666666666666666
1648,1,"in order to replicate the experiment, one would need to know some background information on the properties of marble, limestone, wood and plastic. specifically, their chemical makeup and the elements contained in the samples. a second piece of information you would need to know is if there should be multiple trials. thirdly, one would need to know the effect of acid rain on the samples physical properties in order to determine a valid hypothesis/conclusion.",0.0,0.0
216,1,"one piece of information needed is write samples you will be working with in the procedure. they repeat over and over about different samples, but never once tell you what they were.the second piece of information needed is letting the people who are doing the experiment know that they must make a table and record the starting mass,ending mass and then the difference between the two for each sample. finally the 3rd thing they should make known is how much of each sample is needed and how much vinegar you need to add and what unit of measure is being used.",2.0,0.6666666666666666
841,1,"after reading the group procedure the additional information, the info i need is how much vinegar should i pour into the four different cups, how could i prove to make sure its right without more than one trail, what are they really trying to investigate, also what are they actual trying to determine.",1.0,0.3333333333333333
28,1,"1). get 4 different samples: marble, limestone, wood, plastic. ^p 2). put each sample into 4 different containers. ^p 3). pour vinegar in each of 4 separate but identical containers. ^p 4). after 24 hrs remove the samples from the container and rinse each w/ distilled water. ^p 5). allow samples to sit and dry for 30 min. ^p 6). determine the data of each sample. ^p 7). record your data.",0.0,0.0
1501,1,"in order to do this procedure perfectly you will have to know what the supplies and materials are before you begin. in order to have a valid trial of data, i would have 3 experiments for the rest of the samples.",1.0,0.3333333333333333
528,1,"one extra piece of information that i would need to replicate the experiment is the wot that was used to measure mass. i would also need to know what the four different samples were. in addition, i would need to know the amount of vinegar that was used.",2.0,0.6666666666666666
1528,1,"first, you would need to know what materials to use as samples. second, you would need to know how much vinegar to put in each container. lastly, you would need to know what conditions to keep the containers at.",3.0,1.0
924,1,"to replicate the groups procedure, you would need to know how much vinegar to pour in each container. you would also need a control, which would be all the sample in water and you would need to know where to keep the samples and what environment they should be left in.",2.5,0.8333333333333334
641,1,i would need to know what was happening to the samples during that 24 hrs. 2 i would need to know why they chose the four samples that they did. 3. i would also need gloves and a mask to protect myself.,0.0,0.0
929,1,this procedure is not very specific in its description. for one it does not tell you how to find the mass of the four different samples. it does not indicate the amount of vinegar to put in the container or how much of the sample. it also does not indicate to find the difference in the new mass at the end which is the results that you are really looking for.,1.0,0.3333333333333333
721,1,"addition infarmation you would need in order to replicate the experiment would include controls such as how much of amount of vinegar is needed, in step 2 you would also need a specific or a set amount of each sample to move the results have meaning information costly you would need to make trials in the experiment to make sure the results are valid.",1.0,0.3333333333333333
694,1,"you have to make sure that you are very specific when writing a procedure. some additionally needed information would be in step 1, what measurement are you having the mass in (g, kg). in step 2 you need to give a precise amount that you are putting in the containers. (for example 10ml). another thing is in step 3, what are you labeling the cups saying you need to specify. lastly, in step 6 you need to put a measurement of what mass is to be calculated in.",1.0,0.3333333333333333
1158,1,"in order to replicate the experiment i would need the marble, limestone, wood and plastic to be the same starting mass, that way i could tell, which one is mot effective with vinegar, easier.",0.0,0.0
627,1,to replicate this experiment some more information that could be used would be to say in the procedure what amount of vinegar to use for all 4 cups.this would make a huge impact on the experiment outcome .also include the size of the containers to use and the unit to measure the mass of the samples. say what sample to use in the experiment too.,3.0,1.0
8,1,"you would need many more pieces of information to replicate the experiment. you would need the type of samples to begin with in the procedure. you would also need to know the amount of vinegar used in each container. you would also need to know exactly how to mass the samples and what types of container to use (plastic for example, might alter the results).",3.0,1.0
258,1,"in order to replicate the experiment i will need to know how much vinegar goes into the containers. also i would need to know what kind of samples they are using for this experiment. and finally, i need to know if it is weighed in grams, pounds or any other measurement.",2.0,0.6666666666666666
806,1,"they would need to state the four different samples that they are using. they also could have done different trials of the experiment, and they should put in the procedure to record the data that they got.",0.5,0.1666666666666666
26,1,"after reading the groups procedure i would need to know what type of vinegar they were using because it could of been any type, what was the measure of containers because the containers could have been 3 different sizes and they wouldn't have valid results, and they also should have told me what they were holding constant because i wouldn't know what variables to use or control.",2.0,0.6666666666666666
338,1,"the additional information you need to replace the experiment. you need limestone, wood and plastic, marbles. you test all of them in different containers. it will give you the mass of the experiment. that is what it need to replace the experiment.",0.0,0.0
575,1,one thing they should include is how much vinegars they need in each cup so you can measure be the same in all the containers.,1.0,0.3333333333333333
48,1,"there could be more than 1 test for each sample. there could also have a constant added to the expariement. also, there are to softy instanchings in the experiment like put on goggles before eyes where gloves when touching the vinegar",0.0,0.0
107,1,"you would need the size of the container, amount of vinegar used, the types of samples. such as earth, wood, limestone, and plastic and how much of each to put in.",2.5,0.8333333333333334
351,1,first i would need to know what they used to determine the mass. it would also be helpful if they put the 4 different kinds of materials they used in the actual experiment procedure. in case there was no data table present. they could also more specific as to what exactly they kept the samples in and where they put them. so i would no not to keep them in direct light for shade for that matter. i would also need to no how much of each material to use.,2.5,0.8333333333333334
56,1,"the information i would need to replicate the experiment is; the four different samples, the four identical containers, the amount of time to let the samples sit, and the product to rinse the samples with so i could let them sit for more.",0.5,0.1666666666666666
1002,1,"after reading this procedure, the students could add the amount of vinegar, in number 2, that you would pour into the different containers. another thing the students forgot was the different samples, what are they? they need to include marble, limestone, wood and plastic into the first step. the last thing they need to add is to include a step for finding the difference in the mass at the end.",2.0,0.6666666666666666
214,1,"in order to replicate this experiment you would have to know what the four samples are. the experiment does tell you and it would be impossible to do it without. the experiment should have told us that vinegar was a substitute for acid rain. that may confuse a person who wanted to do this lab. also the lab should have said what type of container wether it is a beaker, test tube or a different type of container.",2.0,0.6666666666666666
121,1,"to replicate the experiment, i would give the required tools in a list so people can be more prepared, i would also be more specific on the word ""samples"" to describe rocks and stones. and most importantly i would make a control, i would put marble, limestone, wood and plastic in water.",1.0,0.3333333333333333
1055,1,"to replicate this experiment, i would need to know what four different samples i am getting, and how to measure the mass. what containers do i put them in? how much vinegar do i put into the containers? do just let the containers sit out in room temp for 24 hours? do i cover the containers? how do you measure the ending mass of each sample?",3.0,1.0
1284,1,"you would need to know what materials to use, the amount of vinegar to use, and.",2.0,0.6666666666666666
796,1,i need the viger the area and the weight to know the mass.,0.5,0.1666666666666666
73,1,what the group of students did was determine the mass of different samples. so what i would do : what they did in the beginning or the investigation i would use the samples and do another experiment with the samples.,0.0,0.0
815,1,"the additional information i would need to replicate this experiment would be the amount of rock, vinegar and distilled water.these measurements would be a necessity because they are not given but will determine the outcome of the experiment. the amount of rock is what is being tested. the amount of vinegar is independent variable. the amount of distilled water determine how much vinegar is washed away.",1.0,0.3333333333333333
1443,1,first of all in order to replicate this experiment you need to know what the materials are. also the one trying to replicate the experiment needs to know the exact mass of the samples. finally the procedure must tell the one conducting the experiment the exact amount of vinegar to use.,2.0,0.6666666666666666
965,1,i would need a list of materials and know what type of equipment to do this experiment on. i would also need to know the problem to this experiment. i would also need to know how much vinegar to put in to the containers and what size pieces is use to do this experiment.,3.0,1.0
1245,1,"in order to replicate the experiment i need to know what the samples are, such as wood or marble. i need to know how to find the mass of the samples such as by using a triple beam balance and i need to know how big the samples should be.",1.5,0.5
46,1,"i think the experiment should make the description more specific so as not to be confused and mistake cups.for instance , they could say ""each of the cork samples"", and ""place sample into cup labeled 'a'""",0.0,0.0
1401,1,"in order to replicate this groups experiments, you would need some additional information. you would need to know what the starting mass of the three objects were; you would need to know how much vinegar to pour into each containers and you would need to know how long to rince each contairer after letting them sit each for 24 hours.",2.0,0.6666666666666666
526,1,"to repeat this experiment again, you would need to know the volume of vinegar you poured into the containers. the volume could each have to be equal to get the best results. next, you would want to know the volume of the containers, so that you can assure that the next time you perform the experiment, you have the same results. last, you would want to know the amount of distilled water you used, and the volume of the samples, so that you know that all the sample is submerged in vinegar.",2.5,0.8333333333333334
234,1,the information i would need in order to replicate the experiment is after you allow the samples to stand dry for 30 minutes does it have to dry in a cool area? what type of area it has to dry in and after it sits for 30 min what happens after you determine the mass?,1.0,0.3333333333333333
977,1,"to replicate the experiment, a person would need to know how much vinegar is added to each sample. they would also need to know what containers they used. a person would also need to know if the containers were covered or not during the experiment.",3.0,1.0
1224,1,in this procedure would need to be given the names of the samples and also in the procedure they missed some vital steps like gathering the materials and also cleaning up in the end,1.0,0.3333333333333333
1468,1,"to do this experiment, you need to know what the samples are, how much vinegar to use, what do you label the containes, and how do you determin the mass?",2.0,0.6666666666666666
1430,1,"they would also need to include how much vineagar was needed to add to the samples. they also need to include how much of each sample there should be, and that you need to find the difference of the mass at the end of the procedure.",1.0,0.3333333333333333
536,1,same additional into that would be needed is how much vinegar should be poured into each container. i would also like to know how much distilled water was used and finally there should be something show who this is determining in the whole procedure to doesn't talk about acid rain once.,1.0,0.3333333333333333
1395,1,"what i would add in the procedure is that i what are the materials you need, 2 record your data, 3 what is your conclusion what did you come up with.",1.0,0.3333333333333333
1261,1,one piece of additional information needed is how much vinegar you would put the samples in. another would be how much of the samples? that is not specified. the last piece of additional information needed is how long do you rinse the samples for.,2.0,0.6666666666666666
606,1,one piece of additional information needed in the procedure would be how much vinegar to pour in the container. another piece of information would be how much distilled water is needed to rinse the samples. also another piece of information missing would what are the four samples you would be testing.,2.0,0.6666666666666666
467,1,"the group's procedure was pretty vague, there were no numeric values such as how much vinegar, and how large the samples are. also, each sample should be named in the procedure like ""determine the mass of marble, limestone, wood and plastic samples"" should be stated in the procedure.",3.0,1.0
1009,1,"in order to replicate the experiment, i would need to know how much mass of each sample i would need. i would also need to know what i should use in order to calculate the masses. another thing i would need to know is what material i am massing, they dont tell you any of that in the procedure. i also need to know how much vinegar to pour in each sample, because it seems here the vinegar is supposed to be the control of the experiment, but if the same amount isn't used each time then it won't be a control.",2.0,0.6666666666666666
791,1,1.you will need on hypothesis. ^p 2.you will need a independent variable. ^p 3.you will need a dependant variable.,0.0,0.0
1417,1,"samples of what, and what is the purpose of the experiment, why should we do it, what do we have to do with the data.",1.0,0.3333333333333333
1033,1,first you need vinegar. you must put some in four containers then place a sample of one material into one container and label. then after 24 hours rinse each sample with water. after that let them dry and determine the mass of each sample.,0.0,0.0
1092,1,"in order to replicate the experiment i would need to know how much vinager to pour into the containers, tell what the different samples are in the directions, and to be sure about the answers, perform the experiment 2 or 3 times again.",2.0,0.6666666666666666
61,1,"you would need the amount of vinegar being poured into each of the caps. that because the experiment only tell you to ""pour vinegar"" but when people read if they might not know how much vinegar to put.",1.0,0.3333333333333333
1499,1,"the additonal information youwould need to know is; you would need to know if the rock was sitting in the vingeror being shaken. if shaken, you would need to know how hard to shake it. (different prosseces are created)",0.0,0.0
93,1,"in order to replicate the experiment you would need to know how much vinegar to pour into each container. you would need to know how long to rinse each sample with distilled water and using how much water. you would also need to know how they determined the masses of the samples both in the beginning and end of the experiment, and they exact size of the containers that the samples are being placed in.",3.0,1.0
669,1,my first piece of information would be a bar graph then i would give specific directions on what i did. but i would make it clear so other people can easily do it to. then i would write a conclusion why this prblly happened.,0.0,0.0
1458,1,"to replicate this experiment i would need to know how much vinegar to use, how big of a sample to use and how long to rinse each sample. without these you cannot replicate the experiment.",3.0,1.0
195,1,after reading that group's procedure one additional piece of information you would need to replicate that experiment is what the four different samples were. another thing you would need to know is how much vinegar you should put in with each sample. the last piece of additional information you would need is how big each of the samples should be.,3.0,1.0
282,1,"this procedure should state the materials that they are using to gather the materials. first it has to say to put on their eye protection. it also needs to state how one would go about determining the mass of the four samples. lastly, there needs to be a step on how to find the difference in the masses and to remind the reader to record their results.",1.0,0.3333333333333333
698,1,"to repeat this experiment, you would need a list of materials.",0.5,0.1666666666666666
361,1,"to replicate the experiment, you would need to know how much vinegar was put in each container, how much distilled water each sample was washed with, and the size of the containers.",2.0,0.6666666666666666
522,1,i would need to know what the samples were.,1.0,0.3333333333333333
1252,1,"some additional information you would need to replicate the experiment is the amount of vinegar needed for step 2, what size you need to make the samples key and what kind of container you need to put the samples in.",3.0,1.0
1113,1,some additional information this group would need would be a dependent variable. they would also need to tell how they rinsed the samples. how much vinegar was used. how much of the samples were used. it doesn't say how much was used in step 2 or 3.,1.5,0.5
850,1,"i would need to know the problem and what tools to use and if i have to use marble, limestone, wood and plastic and how much vineger to use i would also need to know is how big the container is.",2.0,0.6666666666666666
183,1,"-in step 1, we need to know what samples. it should list the 4 types of rock. ^p -in step 4, how long should the samples be rinsed for an amount of time should given. ^p -in step 6, it should say to correct the new mass of each sample.",2.0,0.6666666666666666
1457,1,the additional information needed would be theamant of vinegar that goes into each container. youwillalso need to know where yare supposed to leave the samples. they should also include if the samples should be covered or not and include where to dry the samples.,3.0,1.0
1149,1,"the experiment is and requires everyday materials. if i did this experiment, i would include the temperature of the vinegar and the measured amount of vinegar in each container.",1.0,0.3333333333333333
111,1,"for each box, they should have done it 3 times so they would have an average.",0.0,0.0
1029,1,"in order to replicate the experiment, you would need a control such as water to compare the results to: you will need to know how much vinegar to include in the cup. you also will need to have an equal mass for equal mass for all of the samples. that is the additional information you need.",1.0,0.3333333333333333
43,1,after reading the procedure i would first need to know what the for sample are that i am testing second i ^p would need to know how much vinegar put in each container next the procedure should tell me how thing to case rinse each sample in distiled water.,3.0,1.0
749,1,they should say how much vinegar to pour into each individual container. they should also tell how much of the sample they need to pour into the labeled container. they need to tell the temperature at which the samples are kept at for 24 hours. also the temperature at which the samples sit an dry for 30 minutes.,2.0,0.6666666666666666
126,1,first you would need to know what the samples are that they are talking about. next you would need to know how much vinegar you need to put in each container. you could also need to how long you should rinse each sample.,3.0,1.0
205,1,"in the group's procedure, three things need to do is tell how much vinegar should be poured in the containers, how much of a sample should be added and what conditions the containers were placed in for the 24 hours.",2.0,0.6666666666666666
1016,1,"in order to replicate the experiment, i would need to know how much vinegar i am putting into the four containers.",1.0,0.3333333333333333
53,1,"in order to complete this experiment, three aditional thing should be included. the first is the amount of vinegar to pout in the cup. the second is to list the far samples in the procedure. the third is to record the information obtained.",2.0,0.6666666666666666
1248,1,"they would need to include is a question of what they are trying to solve. also they need to include what the four samples are in the procedure and how big they are. another major thing they forgot to mention is what the climate of were the containers are sitting for the twenty four hours, are they all in the same spot as in dark or light. thease are some key things that need to be included.",3.0,1.0
548,1,"additional information i would need in order to replicate this experiment would include; what the sample materials i was using were, what kind of result am i looking for when receive my data and what is the problem that i am suppose to attempt to solve. it would also be helpful to know where these materials were placed, whether it be in the sun or in the dark. by knowing all of this information it might make the possibility of duplicating the experiment more possible.",2.0,0.6666666666666666
69,1,1.a list of materials and safety requirements. ^p 2.the amount of vinegar to put in the containers. ^p 3.the temperature of the room/vineger ^p 4.a control group.,3.0,1.0
1176,1,"first, you would need to gather all of your materials. that is important because you don't want to start an experiment and not have every thing ready. second, you need measurements of how much vinegar or every experiment would be different. lastly, you need to remind to make a control group to compare results.",1.0,0.3333333333333333
510,1,you would need to know how much vinegar to pour into each container and also what was the starting mass and the ending time for the experiment.,1.0,0.3333333333333333
1295,1,"what the samples are, what type of containers.",2.0,0.6666666666666666
331,1,"i think from reading the procedure they should've added information describing the look before and after (see if there were any physical changes). if something was to change, then the group should've got it down so we know the features of the items.",0.0,0.0
1536,1,"additional information that would be needed. we need to know how much vinegar to putt in each sample, what temperature to keep sample at, and how long to rinse the samples for.",3.0,1.0
184,1,"the procedure is not clear, they need to say the sample names because we don't know what it is. also, they need to say why to measure the mass of the four different samples before putting it in the vinegar. finally, they should repeat the experiment a several times so to see the difference and maybe they should keep the sample in the container for a longer time to see the results.",1.0,0.3333333333333333
138,1,"after reading the group's procedure, additional information that a would need in order to replicate the experiment are that a need to know the size of the containers that the samples are put in, for they need to be identical. u also need to know tha amount of samples u need to put in each container in order to obtain tha same starting mass the group of students recieved from the samples. another factor a should know is the amount no vinegar that u pour into the containers concerning the oud example of the experiment. another good peice of information would be the location where the samples are drying and amount of sunlight.",3.0,1.0
799,1,"in order to replicate this experiment, additional information is needed . first, the amount of vinegar would be needed. also, the type of wood used would be needed because different woods have different densities. finally, the temperatures of the room, where the solutions sat, needs to be known.",2.0,0.6666666666666666
133,1,"in order to replicate this experiment, i would need to know what she containers to use and how to measure the mass of the samples. i would also need to know how much vinegar to put in each container.",2.0,0.6666666666666666
81,1,"the additional things that i would put are the procedures in what find at temperature they left the containers in. i would also include the samples of what i am testing in the experiment. lastly, i would also put in my procedure, how much amount of vinegar they are putting in.",3.0,1.0
1346,1,some additional information would need to know is what samples i'm useing which unit i'm measuring the mass in raw much vinegar i should put in each cup this is same information i would need put isn't to evident in the procedure.,2.0,0.6666666666666666
106,1,the additional information that is needed it the amount of vinegar being poured into each cut. also you need to record all the information. they need to know how much water they are putting into the containers after 24 hours.,1.0,0.3333333333333333
1290,1,i would need to know how to measure i samples. i would need to know how much vinegar o put in each cup should place it on in the shade.,2.0,0.6666666666666666
544,1,they didn't mention how much vinegar to put in the containers. this could effect the mass of the object at the end. they should specify how much to use and how big the containers are plus mention what the material the containers are.,2.5,0.8333333333333334
910,1,additional information needed in order to replicate in experiment would be how much vinegar would be poured in the container. if you do too much it's or not put the same amount in each mass the experiment will be dried. also naming the containers with each sample so you know what when you write down your data. including record data would or additional information too because if it wasn't without a procedure someone might forget to write all the data down.,1.0,0.3333333333333333
482,1,"in order to replicate the experiment you would need to know how much vinegar did they put in each sample so you can get the exact amount of ending mass, because if we put a different amount we're going to get a different result.",1.0,0.3333333333333333
166,1,"additional information i would need is how much vinegar was put onto each sample. this is because, if more vinegar is put on one sample than another it will most likely after the mass in different ways: for example if more vinegar is put on wood than plastic then wood will have more mass lost than the plastic would.",1.0,0.3333333333333333
250,1,three aditional peace of information you need is what typ of vinegar and at what ph. also the lb of the samples.,1.0,0.3333333333333333
309,1,one piece of information that would be helpful to know is how much vinegar do we put in the container. another piece of info is at what temperature do we let it sit. and lastly it would be useful to know whether it should be in the light or the dark.,2.5,0.8333333333333334
448,1,"if i has to replicate the expinment, i would need to know what types of samples are being used and also if you check it in between the start and stop sign. also, how do you determine the mass.",1.0,0.3333333333333333
928,1,"in order to replicate this experiment you would need to know how much vinegar they used. also, you would need to know what size and shape the samples are. also you would need to know how to dry the samples which it doesn't state.",2.5,0.8333333333333334
861,1,"after reading the group's procedure i think that they should say in their chart how much vinegar they put in the identical containers. also they should put in the chart the time difference or did they do it at the same time; and what kind of containers did they use ? beaker, test tube, a regular container ?",2.0,0.6666666666666666
336,1,in order to create do able experiment you would need to add a material list describing the items needed and how much of each. also independent and dependent variables and a hypothesis to back up your research.,1.0,0.3333333333333333
1013,1,the additional information i would need to replicate this experiment is that new and how much vinegar in the container then also need to specify what material to put in the vinegar and how to determine the mass of each material.,2.0,0.6666666666666666
852,1,"to replicate this experiment i would need to know how much vinegar to add to each sample. also, i would need to know how to mass the samples (""determine the mass"" is too vague sets no 4). finally, i would need to know what type of containers to use (plastic cups? styrofoam? covers? ^p initial amount for each samples.",2.0,0.6666666666666666
98,1,"they should have told the samples that was used. the second thing was the outcome, what happened to the differ.",1.0,0.3333333333333333
940,1,"after reading the groups procedure, i would need to know some additional information to replicate the experiment. first, i would need to know what type of material is being used. another thing i would need to know is where to keep the material; in sunlight? in darkness outside? i would also need to know how much vinegar to add to each cup.",3.0,1.0
1649,1,"the experimental procedure does not specify the amount of vinegar to be used, the mass of the samples to be used or the type of wood and plastic. the experiment cannot be replicated without this information because the scientist does not know the amount and type of materials that the group of students used in their experiment. it is impossible to know if the experiment being performed is correct if the amount and type of materials are not specified.",2.0,0.6666666666666666
740,1,after reading the group's procedure i have determined they could add what 'four different samples' you are using during the experiment. the group should also be specific with the amount of vinegar that should be poured into each containers. the temperature at which the ''samples'' are to dry ifor 30 min should be regulated because if it is too hot or too cold the experiment could be ruined.,3.0,1.0
1056,1,"to replicate the experiment , you would need to know what samples to test, how much vinegar to put in the containers, and the temperature in which the samples are kept for 24 hours.",3.0,1.0
1509,1,"there is much additional information necessary in these procedure in order for one to be able to repeat it in step 1, the four samples should be specified as marble, limestone etc as they were in the data table. in step 2, how much vinegar (ie in ml) should be desorined as well as the type of container (a jar/plastic/beaker etc) also in steps vi, determining the mass could be also tried more by saying what type of measurement should be used such as beams. lastly, there should be a step 7 directing us to find the differences in mass as it does in the data table.",2.5,0.8333333333333334
423,1,"in order to repeat the experiment, you would need to know how much vinegar was needed in each container, how big each sample should be and where to store the experiment for 24 hours so that the experiment does not get ruined & due to the sorroundings it was in.",3.0,1.0
103,1,"first off these groups of students forgot to addd in step 2 how much vinegar in going to be poured in each identical container. in step number 5 the students did not say to organize the samples so you can record it as separate data because each sample is different (marble, limestone, wood, plastic). the students also forgot to include step 7, which is find the differences in mass. if another group of students were going to do this exact experiment they wouldn't know what they are comparing.",1.0,0.3333333333333333
436,1,the additional information that i would need is to add another independent veriable to the procudure other than venegar to see if it has the same effect on the samples as well as the effect on vinegar. also to repeat the steps more than once to make sure that they are getting the same information as the first time. then we can come to the concusion and find that the vinegar has more effect on limestone them the rest of the samples.,0.0,0.0
75,1,some additional information for their procedure would be to use the same amount of vinegar for each container. also make sure the times are all on for each sample. also measure the mass after it drys and find your difference from its starting mass.,1.0,0.3333333333333333
1494,1,"first the stat mass should of been the same. it's know a product that they did nothing to they did change, anything you can change the time.",0.0,0.0
912,1,"in order for or to replicate the experiment, the chart needs to show every pice of the experiment like what hapend when you put vinegar on four separate pices but identical containers, on how you put one pice of of material in one container and label them the doing the with the remaining samples one pice of material in one container for all of it each. by showing all the data then you'll be able to replicate the experiment.",0.0,0.0
1209,1,i would need to know how to determine the mass. specifically the size the materials containers were and any other controlled variables such as the type of vinegar or the temperature to ? the containers at for 24 hours as well as other storage conditions such as in direct sunlight.,2.5,0.8333333333333334
230,1,"the students still need to make a hypothesis, a graph and find the difference in mass.",0.0,0.0
1515,1,"the information that you will need is the measurement, hypothesis conclusion because you want neccessarily find out what will happen next without these three things. these are the main things you need to replicate the experiment.",0.0,0.0
921,1,i think that they needed to u the time on the box using all the other sample and show how long it stand there threw are where experiment.,0.0,0.0
304,1,"to duplicate this experiment you would also need to know the brands of all the products on its accurate, the environment the experiment was in and what kind of scale was used so that the replicate experiment is identical making it move accurate.",1.0,0.3333333333333333
1435,1,the additional information that i would need to know is how would i find the mass of any of the materials? how much vinegar do i pour in each of the containers? what do i do to the materials or containers before i let them sit for 24 hours?,1.0,0.3333333333333333
1465,1,one thing i would need to know is how much vinegar they poured into each container. also i would also need to know how long i would rinse the material off far. finally i would a need to find out what they used to dry or did they leave it on the table.,2.5,0.8333333333333334
1486,1,the group didn't say what the samples are for their experiment in the procedure. they also should have say how much vinegar would be poured into each container. they should tell how much of each sample would be used in each container.,1.5,0.5
827,1,you would need to know what kinds of stones were used in order to get similar results. you also need to know how much vinegar was used for each sample. you should know how to distribute the vinegar on the sample.,2.0,0.6666666666666666
765,1,the additional information i would add would be to record the data at the end of the procedure. find the average of the samples. to find the difference in the objects that were placed in the container.,0.0,0.0
736,1,pour the same amount of vinegar on all four. after you determine the mass of all four samples find out the different of each from first time you did it.,0.5,0.1666666666666666
390,1,to replicate this experiment we would need to know what type of samples we are determining the mass for. we would also need to know the amount of vinegar to put in each cup. we would also need to know how to dry them at is by cloth or air drying. and we would need to know the mass of each material before the vinegar.,3.0,1.0
237,1,"determine the ending mass, determine the difference in mass. also the mass or everything marble, limestone, wood and plastic. you would need to add up all three masses, starting, ending and the difference in mass, then you will get the answer to all of them.",0.0,0.0
1381,1,"in order to replicate the experiment, you would need to know what the sample of the materials is, you need to control group and you need to what you label to your containers.",1.0,0.3333333333333333
269,1,"i guess follow the steps to make the experiment is risht, like allow to dry in 30 min. 2 let it be separate with the vinegar the little containers. 3 go over to make sure nothing goes wrong.",0.0,0.0
307,1,"their are three things wrong with this procedure. one is, they did not table the four identical containers, the second is, they need to tell how much vinegar is needed. the third mistake is how long do we rinse with distilled water.",2.0,0.6666666666666666
1208,1,after reading the groups procedure the additional information i would need is to determine the mass of each sample at the beginning. also to determine the difference in the mass at the end of experiment.,0.0,0.0
1476,1,to repeat this lab i would need to know what kind of vinegar they used. how much vinegar they used and if the containers was covered or not.,3.0,1.0
118,1,your going to need how much is there in total.,0.0,0.0
1345,1,"to replicate this experiment, i would need to know what types of mative i used as so i would need a scope to wighe the motivel befor they get trement and after to make the steps easy they could have said repet steps 2 & 3 for each diffrent motivel used.",1.0,0.3333333333333333
676,1,"you will need a solution, results and a conclusion.",0.0,0.0
251,1,you would need to put the objects needed to sample this experiment. also you need a hypothesis and a conclusion.,0.5,0.1666666666666666
1438,1,a. tell how much vinegar you used. ^p b.,1.0,0.3333333333333333
1194,1,i would need to know how much vine,3.0,1.0
72,1,"we would need to know what samples they used for the experiment they just say ""samples"". we need to know how much vinegar they poured into each cup and we would need to know what units to measure the mass of the samples with. they would have to specify that we should weigh them using grams.",2.0,0.6666666666666666
95,1,"the additional information that is needed in order to replicate the experiment is the amount of vinegar that should be placed in each container. the amount of vinegar must be kept constant in order for the data to be valid. the results acquired from the experiment can be affected if the amount of vingar was increased or decreased. therefore, the amount of vinegar is needed in order to replicate the experiment.",2.0,0.6666666666666666
1071,1,"in order to replicate the experiment, three more pieces of information i would need to figure out are: how much water to rinse the samples with, where to place the containers during the 24 hours (under sunlight, in shade), and also what size the container is and what shape. one more piece of information we would need to know is, how many more trials to preform will all that new information i will be able to preform a more valid experiment.",2.0,0.6666666666666666
34,1,to replicate the experiment i would need to know the samples that i will be using. i would also need to know how much vinegar to use. i would also need to know what type of containers to use.,3.0,1.0
802,1,"this is a clear investigation of the acid rain , they clear show a good procedure on the sample and the starting mass and the ending mass and the differece in mass.",0.0,0.0
1219,1,"i'll make sure that when i'm going to end the mass,i will remember to not add a later any chemical or anything else to the ending mass,so it won't turn out to be a negetive or a zero as the disposure in the mass.",0.0,0.0
1398,1,"after reading the procedure, i would like to know the time given for each material. also, if their were any color changed and what was added to the material.",0.0,0.0
450,1,"after reading this procedure, i would advise these students to make step 3 easier to understand. in order to replicate this experiment, you would need to label what material is going into the container, what you're labeling it, and what single sample enters the container in the end. also, to make this experiment more reliable, you would need to add more trials to your procedure. also, if you were just looking at your procedure and not the table, you would need to identify the four samples in step one.",1.0,0.3333333333333333
447,1,"additional information need in order to replicate the experiment is how much vinegar was poured into the four separate containers, should i buy the materials or use natural resources.",1.0,0.3333333333333333
774,1,"the additional information you would need in order to replicate the experiment is after you did the experiment find out the mass again,do everything you did already but start with the information you already have,then determine the mass you end up with,and the difference in the mass. that's how i would replicate the experiment.",0.0,0.0
719,1,i would write down how much vinegar they put in these 4 different example of mass. they didn't keep track of the experiment.^p they also didn't repeted the experiment again and i think thats one of the most important thing that everybody should do.,1.0,0.3333333333333333
1321,1,one thing they would need to add is how much vinegar did the pour into the cups. another thing that they should add is that the different cups should have long. they rinsed each sample with distilled water.,2.0,0.6666666666666666
1496,1,"in order to complete this experiment there are several steps that need to be added to the procedure. for instance, in the beginning of the procedure you need to explain what you would mass out the sample with, and specifically which samples. also, you need to know how much vinegar to put into the containers. in step 4, the procedure does not explain how you would rinse the samples or at what temperature to do it at these variables if left out of the procedure, can be the result of less accurate results.",2.0,0.6666666666666666
1,1,"some additional information that we would need to replicate the experiment is how much vinegar should be placed in each identical container, how or what tool to use to measure the mass of the four different samples and how much distilled water to use to rinse the four samples after taking them out of the vinegar.",1.0,0.3333333333333333
1369,1,aluminum foil & black paper is good to wrap around a cup because you could have one cup in any kinds of shape you want to the cup pluse using aluminum foil hold the cap real tight and the black paper you could put it wet. the alinum paper for it to look like some thing you want it to come out.,1.0,0.3333333333333333
1147,1,"in order to replicate this experiment i would need four of the different mass samples and also pour vinegar in each of the four separate, but identical containers and place a single sample into a single container for 24 hours and after that remove it and let it dry for 30 min and determine the mass of each sample.",0.0,0.0
78,1,"additional pieces of information that shuld be included in the procedure would be, with with what would you be using to determine the mass such as a scale, have the controlled variable evident in the procedure, one last thing that should be to move a table of the starting mass, the endingmass, and the difference in mass using grams.",0.0,0.0
85,1,"another trials, the amount of vinegar used and no changing of time to make sure it's accurate. because if not youill change the experiment. by changing the most important things.",1.0,0.3333333333333333
145,1,after reading the procedure there were a few things i need to know to replicate the experiment. one thing is the amount of vinegar used. another is how much water to use when rinsing it. the last thing is how to store the samples for 24 hours. there were a few problems with this procedure.,2.0,0.6666666666666666
83,1,"in order to replicate this experiment you would need to know the size of the containers that you would place the sample in, you would need to know the amount of vinegar putting in each container, you would need to know what to use to measure out the mass (for example, tripple beam balance, etc) and you would also need to know the material to use to place each sample in the containers.",2.0,0.6666666666666666
459,1,"after reading the groups procedure, i determined that in order to replicate the exeperiment additional information is needed. first, the procudere doesn't state what is being tested, we need to know what specific samples are being refered to next we haven't been told how much of each sample is required in the individual containers. lastly, we need to know how much vinegar is needed in each container.",2.0,0.6666666666666666
1082,1,"in order to replicate this experiment, i would needed to know the different types of samores. they should add that to the procedure.another important piece of information i would need to know is the amount of vinegar you need to pour into the containers.also,i would need to know what the control is. they don't have a control to show how the others were affected.",2.0,0.6666666666666666
679,1,the additional information that they would need in order to replicate the experiment is a sample of one material into one container and label. repeat with with remaining samples placing a single sample into a container. after 24 hours remove the samples and allow samples to sit and dry. the additional information that would be needed is the starting mass the ending and the difference.,0.0,0.0
1607,1,"the procedure left out some information that is needed. for step three, it doesn't specify what material or what size container to put the material in. it should also tell you to do repeated trials.",2.0,0.6666666666666666
1192,1,"the group's procedure is not very well done. in order to replicate their experiment the procedure would need more controlled variables. it says ""pour vinegar"" , there is no precise measurement this could lead to varied results. the procedure also lacks multiple trials. the experiment was only completed once. in order to be replicated multiple trials as well as controlled variables are needed.",1.0,0.3333333333333333
438,1,"first off, i'd need to know maybe the material of each sample",1.5,0.5
773,1,to replicate that experiment you would need to know what the names are of what your weighting. the students also need to include how much vinegar to pour at each of the samples being tested. the final thing would be that the whole procedure needs to be more thorough and more organised with no missing steps or information.,2.0,0.6666666666666666
872,1,the additional information that i would need to know how many of each individual sample i am fiding the mass for; ^p they didn't say how much marbles or limestone or wood or plastic they just said a sample.,0.5,0.1666666666666666
647,1,"if i were to replicate this experiment ,i would need to know the following things that the students left out of their procedure: ^p 1.how big should the rock samples be? ^p should they be relatively the same size? ^p 2. how much vinegar should be poured into the containers? ^p 3.how long should the samples be rinsed with distilled water? ^p 4.should the containers be made out of any specific material?",3.0,1.0
865,1,"in this experiment, the group needs to add some extra information so other students can replicate this procedure. when it tells us to pour the vinegar in each of the containers, it doesn't tel me how much i should fill in them. step 3 is unclear when it states to place a sample of one material into one container, it doesn't explain the sample. also they need to tell whether they are measuring the samples.",2.0,0.6666666666666666
1658,1,to replicate this procedure i'll need to know the size of the containers. i'll need to know the samples and i'll also need to know the amount of vinegar to put in each container. the amount of vinegar and the size of the container could be important variables if they are not the same for each sample.,3.0,1.0
979,1,"without the table, a lot wouldn't be known by looking just at the procedure. first, in order to replicate the experiment, you would need to know what four samples you would be taking the mass of. second, you would also need to know how much vinegar you should pour into the containers. lastly, in order to replicate the experiment, the person would need to know how much distilled water should be used to rinse the materials. it would also help if it was specified in the procedure, with what should the person be finding the mass of the materials (balance?). in what unit (grams?).",2.0,0.6666666666666666
1077,1,"to replicate the experiment i need four different example, then i need to pour vinegar in each but identical containers, then i need to place a sample of one a material into one container and lable then take it out of the container after 34 h and dry for 30 minutes. finally determine the mass of each example.",0.0,0.0
1323,1,"in order to replicate this experiment you would need additional information. you would need to know materials,the 4 different samples are,how much vinegar was used,wether or not the material should be completely submerged in the vinegar. without this information our data could be different.",3.0,1.0
1242,1,"the 3 key materials that i need to replicate this experiment is ""vinegar"", a few plastic containers and a ""triple beam balance"".",0.0,0.0
406,1,"the students should include in their procedure what shape the samples are in, are they all solids in the same shape, or are they ground upp the ammount of surface area will affect the rate of disintegration of the samples. also, they should state how much vinegar should be put into the containers, and that the ammount of vinegar in each container should be the same. what type of vinegar it is should also be included.",2.5,0.8333333333333334
1447,1,"in order to be able to redo this experiment, you need to have all of the information. we need to know more about how they did this experiment. more details is better.",0.0,0.0
1088,1,"you would need to indicate what types of materials are beeing used in the experiment. you would need to know how much vinegar is beeing used. you would need to know how long to rinse the samples for, as well as the amount of distilled water beeing used to rinse them.",2.5,0.8333333333333334
1322,1,"you would need to know how much vinegar was used in each container and how much of a sample to test in the experiment. also if the mass of each sample is different, for example marble being 9.8 grams, plastic being 7.2 grams and wood being 11.2 grams, how is the mass of each determined?",1.0,0.3333333333333333
105,1,"after reading the groups procedure, the following additional information is needed, you need to observe the containers when you fill each with the content, you will need to make sure each container has the very same amount, then also make sure that all the containers are in the same room temp.",1.0,0.3333333333333333
612,1,1. have a determined size for the starting samples of rock. ^p 2. determine an amount of vinegar. ^p 3. determine what type of containers are being used.,2.0,0.6666666666666666
1032,1,"the people doing the lab need to stay in the procedure what matterials to use first. also, they need to describe how to do all of these steps better so they make more sense. also, they need to put at the end to repeat the whole thing 3 more times with the other materials instead of putting that in the middle of the procedure.",1.0,0.3333333333333333
1523,1,the students have to measure the four different samples when they remove the samples from the containers and rinse each sample with distilled water. they have to measure before the ending mass because it may different than the ending mass.,0.0,0.0
691,1,"the three samples of information would need to replicate the experiment are measurements of the amount of vinegar, the materials you would need to use and purpose of the experiments.",1.5,0.5
1093,1,"need to follow the procedure, also need to know them too.",0.0,0.0
829,1,"the additional information i would need is how many trials they're going to do. also how much vinegar they have to por in each container. another piece of information they should have added is the safety things you need,goggles,gloves etc.",1.0,0.3333333333333333
1624,1,the students would also need to keep recording every thing they see.,0.0,0.0
1087,1,needed to replicate this experiment,0.0,0.0
63,1,"you would need the name of the four samples you are using to make a table to record data. write down you need to record the starting mass, ending mass and difference in mass.",1.0,0.3333333333333333
283,1,1)say what you are trying figure out in the first place. ^p 2)it's not enough into figure out what is going on. ^p 3)we need to know more clearly how to do each step.,0.0,0.0
855,1,some additional information how much vinegar do i pour into the cup. wha sample materials are they useing. how do i find the mass of each sample that is the additional information that needs to be adde.,2.0,0.6666666666666666
781,1,"there are a few additional pieces of information that one would need in order to replicate the experiment. first of all, the procedure fails to mention what the sample materials are, so their names would have to be included in the first step. additionally, the procedure also does not mention how much vinegar to pour in each container. in order to replicate the experiment, one would need to know how much vinegar to put in each of the containers. finally, the last step states, to determine the mass of each sample, but does not give a unit of measurement. therefore, it would need to include that the mass is to be measured in grams. with this additional information, one could now replicate the experiment.",2.0,0.6666666666666666
1127,1,to replicate the experiment i would need to know the substance used as the sample.i also would need to know the exact amount of vinegar to pour in each cup. the starting incas for the sample would need to be identical for all other samples being used in the experiment.,2.0,0.6666666666666666
240,1,"you would need to know how lag of a container to use for the samples. also you would need to know exactly what volume the vinegar is to keep no results accurate. finally, you would need to know how to measure the mass of the samples (what instrument to use).",2.0,0.6666666666666666
224,1,additional information that would be needed in order to replicate the experiment would be the following: ^p 1. explain what the four different samples would be. ^p 2. explain how much of vinegar should exactly be poured into the four identical cup. ^p 3.another thing is for them to how much distilled water should be used when rinsing the samples. ^p 4. indicate is a different amount of liquid with different mass of samples.,2.0,0.6666666666666666
146,1,i would the amount of vinegar that should be put into each cup also should the containers be covered or not? it would be helpful to know what type of containers should the materials be put into.,3.0,1.0
1558,1,"one thing missing from this experiment is the percise measurement of vinegar pour experiment. you would also need to have the samples all the same size. thirdly, you need to know the size of the container when repeating this experiment.",2.5,0.8333333333333334
375,1,"in this procedure the group calls the materials samples, instead of calling them samples they should have named the materials like they did in the chart. when they just say samples,that can mean anything. in step number one they should say why you need to determine the mass of the four materials.",1.0,0.3333333333333333
1363,1,other information,3.0,1.0
119,1,"pour vinegar in each of the four separate but identical containers.^p place one sample in a conteiner and do the same for the rest, ^p after 24 hrs remove sample and rinse ^p sit and drt for 30 min. ^p determine the mles.",0.0,0.0
1448,1,"the additional information that is needed, is how they recorded the experiment. they need to separate that experiment more when mac. always mineral the determine and compare it to the firod time that you did the experiment. tell what happen how in the first experiment.",0.0,0.0
1247,1,"i would need to know how much vinegar was poured into each container, i would need to know what temperature the samples were in and if that temperature remained constant for the 24 hours. i would also need to know how i would rinse each samples with distilled water without losing any sample, and i also need to know how many times i would need to rinse the sample in order to remove all of the vinegar.",2.5,0.8333333333333334
252,1,"they need to state how much vinegar to pour in each container, what kind of samples to use and how much testing needs to be done after 24 hours.",3.0,1.0
1610,1,"maybe after the experiment this procedure should be done a second time to see the results come out, the name react ways.",0.0,0.0
1642,1,"i would need to know what step are testing, what the independant variable is, what size be samples they are talking about. i would also need to know what other variables are controlled.",1.0,0.3333333333333333
1108,1,what you would need nothing everything seems to be alright with the procedures.,0.0,0.0
10,1,"inorder to replicate the experiment, we will need to add information such as sticlenx statement of what the four samples are and how many pieces you will need, as well as the amount of vinegar bring poured into the containers and the instruments you will need to retrieve when determining mass.however, revisions of sentences and renuminering will be required.",2.0,0.6666666666666666
451,1,one thing they should do is explain why they are testing viniger. also they should have a hypothisis.,0.0,0.0
1288,1,"i would have 4 container caled the 4s marble, limestar wood and plastic so the readers can know whats in the containers then poured a even amount of vinegar on each samee. let it sit & dry out for 24 hours & deterime the mass i got at the end culd compared it to the mass i got in the begeing vig.",0.0,0.0
1060,1,"you would need to know what kind of material was used, marble, limestone, wood and plastic. what would happen if the samples cud not dry within 30 minutes. if you could not let them sit longer or if it was crushal that they would only sit for 30 minutes. lastly you would need to know how you determined the mass of the samples. what do you use to measure the samples and when?",1.0,0.3333333333333333
711,1,"the additional information you would needs wch one was the best marble, limestone,wood and plastic.",0.0,0.0
257,1,"to replicate the experiment you would need to know the following information, what are four samples? you would need to know that so the experiment will be the same. they should also include the amount of vinegar that you need. the last thing they should include is are you pouring it on the sample or just in the container?",2.0,0.6666666666666666
885,1,"to be able to do the same experiment exactly the way the group of students did i would need the amount of vinegar in each asp. i would also need to know the environment around the samples for example, the temperature they were left to sit in. lastly, i would try to keep the starting masses about the same for each material and give the number in the procedure.",2.0,0.6666666666666666
596,1,"in the procedure, the group should have included what samples they were going to use (marble, limestone, wood, plastic), the group should have also gave to exact amount of how much vinegar to use in each cup. it would also have been useful if the group would have in the first procedure to measure the mass of each sample separately.",2.0,0.6666666666666666
391,1,"we would need to know how much vinegar we put into each cup. also we would need to know how much or each sample to use, and which materials. we would also need a control. so would need to place something in regular water as well.",2.0,0.6666666666666666
1310,1,the additional information we would need to replicate the experiment would be the conculsion.,0.0,0.0
1332,1,"how much vinegar to pour in, how much big are the containers, and which type of scale would i use?",2.0,0.6666666666666666
560,1,the additional information you would need is to describe the four samples you are using because it doesn't say which samples to use in the procedure. you would also need to know to determine the difference in mass because the procedure only tells you to find the starting and ending mass. you would also need the samples to dry for more than 30 minutes to get better results because the original results didn't have a large difference in mass.,1.0,0.3333333333333333
911,1,what is the independent variable and what the devendent variable also don't ^p forget about the control.,0.0,0.0
927,1,"in order to replicate the acid rain experiment, we must know more than what the group has given us. for example, in step 2 the students don't tell us how much vinegar needs to be poured in each container. they also don't tell us what kind of container and if it matters what it is made out of. in step 1 & 6 the group tells us to determine new mass of the samples. they don't say what we use or how to find the mass of the samples. another problem is that they don't tell us what the samples are until we see the data table, they should say it in the procedure.",3.0,1.0
1446,1,"more information that i need is what materials did they put into the containers because they did tell us, and they didn't what they did after they let it sit for 24 hours and before they rinsed the containers. also they didn't lable each measurement on the chart.",1.0,0.3333333333333333
1114,1,"the three thing's that i think the procedure could and should have had but didn't was the type of container to put the sample in, how much vinegar to pour in and what to determine the mass with. these things are important because if there are differet type's of container it might effect the results if one sample has more vinegar than another it will not be accurate and the mass can be done on many things.",2.0,0.6666666666666666
462,1,"three pieces of additional information that i would need are as follows. first, how much vinegar are they pouring in the containers? secondly, how large should the samples be? the last thing i would want to know is what temperature should the vinegar be.",2.5,0.8333333333333334
1561,1,i will need to collect all of my materials. i will need four containers and my four samples. i will have to place the four samples in the containers. then put,0.0,0.0
961,1,"the additional information i would need in order to replicate the experiment are to know what the four samples are, how much vinegar to pour in to the containers, why to rinse the samples out with distilled water, what letting the samples sit and dry for 30 minutes does, and what i will measure the samples in to find their mass?",2.0,0.6666666666666666
504,1,determine the mass of four samples of what? how much vinegar is needed in the containers? you would need a scale to measure the different containers. are the different containers made of the same material?,2.5,0.8333333333333334
742,1,"for the information you would need all three pieces to describe the additional information, which is starting mass, ending mass, and the difference in mass. the items are marble, limestone, wood, and plastic. then write all the numbers down to replicate the experiment.",0.0,0.0
1541,1,"i think what i will do is to change the procedures. instead of leaving the samples sit for 24 hours, i'll let them sit for 48 hours, i'll let them dry for 60minsand",0.0,0.0
871,1,"in order to replicate the experiment, you would need to why they are preforming this experiment and what it is trying to prove. you would also need to know how much vinegar to pour into the containers to keep that a constant. lastly, it would be important to know the amount of each sample to add to the vinegar so that the samples aren't different because that could vary your results.",1.0,0.3333333333333333
734,1,"i would need to know what kind of samples to use, how much vinegar to put on the samples and how to label the containers to replicate the experiment.",2.0,0.6666666666666666
542,1,"any additional information needed in order to replicate the experiment is what are the four samples that's mass are being determined, where are the containers with the samples going to be kept for the 24 hours and how long the samples need to be rinsed with distilled water.",3.0,1.0
700,1,"some additional information i would need is, i would need to know how much vinegar t put into the containers. i would also need to know what the samples are. to replicate the experiment i would need to know where to put the container weather it be in the same room temperature or anywhere else.",3.0,1.0
1162,1,"the additional information, i would add would be what was the starting before the whole process before the eu hours occurd.",0.0,0.0
1148,1,"the replicability isn't very good because there are rather vague directions one improvement would be to measure ad how many milliliters of vinegar would be poured into each container so the amount of vinegar can be a controlled variable, like 100ml per container. also, the procedure needs to state the temperature at which the containers at for 24 hours at, so the repelilicn can have the same temperature. also, there should be a certain amount of time to rinse the samples with distilled water, such as 10 seconds each so the samples have been equally rinsed.",3.0,1.0
1034,1,in order for me to replicate this experiment i would have to know how i would determine the mass of each samples. when do you pour the vinegar in the containers. and what does distilled water mean.,0.0,0.0
374,1,"in order for you to replicate the experiment, you would have to change the time usage to see if there would be a different outcome. also in step 2 where it says to pour vinegar in each of the four containers, change how they are using vinegar and substitute it for another liquid to see if these would effect anything. lastly, i would suggest to use another sample or as many as possible to get the most accurate answer.",0.0,0.0
670,1,i would write what,0.0,0.0
1276,1,"how long the samples, how much the vinegar, at how big should containers be.",3.0,1.0
359,1,"i would also have to know how much vinegar to put in the cups as for as (ml). where do i put the cups in the sun or refridarter, where do i let the samples dry in the open or the outside.",3.0,1.0
970,1,"first at step one they need to tell you how to determine the mass of four different samples and should also label the samples there. in step 2, you need to be told how much vinegar to pour. in step 5, it could be helpful if you were told where to let the samples dry. then in step 6, once again you need to be told how you should measure the mass of the samples.",2.5,0.8333333333333334
786,1,one piece of information that would be needed to replicate this experiment is the amount of vinegar in the container. what the four samples are.,2.5,0.8333333333333334
738,1,the students didnot start with saying what materials ar needed. they also didnt say what the four samples were. the students did specify on what kind of materials they were useing!,1.0,0.3333333333333333
1038,1,"in order to replicate the experiment, one piece of information i would need to know is what materials are needed for the experiment. i would also need to know how much vinegar to pour into each container. the students should be more specific in giving the directions well. they never tell you how to find the mass of the samples or the temperature the vinegar should be becare sawing is in. they should make sure the directions are more clear and simple directions like gather materials and clean the area at the beginning end.",2.0,0.6666666666666666
973,1,in order for me to replicate this experiment you would need to know some additional information. one piece of information you need to know is how much vinegar is poured in each container. you also need to know what the conditions are made out of. the last piece of information you need to know in order to do this experiment is if there is a top on the container.,3.0,1.0
1275,1,1) in the procedure include the names of the materials that will be used during the investigation. ^p 2) how much vinegar should be in each cup? ^p 3) include with what we should determine the mass of the samples.,2.0,0.6666666666666666
1240,1,"before the students put the objects in the solution, they should have weighed each sample. the students also should have had a control for their experiment to truly tell if their data was correct. to make their experiment better, they should repeat the experiment more than once to see if their data matches.",0.0,0.0
1522,1,"in order to replicate this experiment you would need to know what materials were used, the amount of vinegar that is needed and exactly how the group measured the mass both before and after the experiment.",2.0,0.6666666666666666
1419,1,"in order to replicate the experiment, procedure should include the names of the four different samples, the amount of vinegar that should be poured in each cup, and the size of the four identical containers.",3.0,1.0
1439,1,i would need to know how much of vinegar do i put in the containers how long do i rins the sample for.,2.0,0.6666666666666666
888,1,to replicate this experiment i would need is know what type of sample i would need to measure the mass. additionally i would need to know what kind of containers to put the samples in. also i would need to know how to measure the mass of the sample before and after the experiment.,2.0,0.6666666666666666
80,1,"in order to replicate this experiment,i would need to know 3 more things that weren't stated in the procedure. i would need to know the amount of vinegar poured into the container,the amount of time the samples were in the vinegar and the amount of distilled water used to rinse it off.",1.0,0.3333333333333333
817,1,"in this acid rain procedure, it says to add vinegar into each container, you to put how much vinegar to put in each and you need to lable the containers you need to also clear she what material are being investigated. give a start and stop time put safety googles on.",2.0,0.6666666666666666
1388,1,you will need the data chart also the procedure of the exprerement to replicate it.,0.0,0.0
674,1,you would need to know how much vinegar to put on each sample. different amounts of vinegar would give different results. you'd also need to know what to determine the mass with and what materials were used.,2.0,0.6666666666666666
1306,1,"in order to replicate the experiment, you would need to know the amount of vinegar that was poured into the containers. you would also need to know the conditions of the space where the samples were set to dry in, if there was more water vapor in the air and if the samples even dried completly, you would also need to know the density of each sample and if the sample was completly submerged or if it was floating on top.",3.0,1.0
58,1,"we need to know the exact amount of vinegar going into each container, to make sure that each sample fair results. we also need to have a set starting mass so all of the samples have the same amount or the results will not be reliable. we also need to know what kind and how big the containers are, because results may be unreliable if the containers for the samples have all different volumes and shapes.",2.0,0.6666666666666666
134,1,"you would need to know the portions of what they used as not to ruin the experiment, or not usin enough or too much may not give you the same results.",0.0,0.0
936,1,i would frustred to know where is being tested another word the specif materials which we are taking samples of in addition i would need to know the type of vinegar being since different vinegar have different ph along with the amount of vinegar added to each container these three pieces of information are all reason to replicate the experiment.,3.0,1.0
1601,1,"first things i would need to know would be how much vinegar to pour into each containers. another thing that may or may not be a determining factor in this experiment would be the each temperature and the temperature of the vinegar. lastly, i would need to know which samples increased because i could have different samples than them.",3.0,1.0
826,1,"after reading the students experiment i would need to know what size containers, how much vinegar for each sample, the kind of sample, and the mass of the sample.",2.5,0.8333333333333334
507,1,"there are many things missing from this procedure which make it hard to replicate the experiment. some pieces of information they could add are the type of sample to use and the mass each sample should be. these would help because will not them you don't know which samples you are supposed to use and if they're not all the same across you could get invalid results. also, they need to tell you how much vinegar to put in each cup or else, once again there is a risk of the data being invalid.",2.0,0.6666666666666666
1483,1,the group needs to add the name of the samples that they are using. they also need to say how much vinegar they need to pour in each container. the experiment also needs a control as evidence to show that some reaction is actually happening.,2.0,0.6666666666666666
349,1,"some information that could be added could be temperature of the vinegar or water, you could also add how much vinegar you add, another thing to add would be a list of possible samples.",2.0,0.6666666666666666
388,1,"you would need the amount of mass from start to last and you will need vinegar, distilled water and some other materials.",0.0,0.0
1027,1,"you need to know the amount of vinegar that you have to pour in the four separate containers. you also need to know what size container you are putting the sample in. also, you need to know what temperature you leave the samples to sit and dry at for 30 min.",3.0,1.0
897,1,this table is not so clear it only has the dependent variables. it's still missing the control group. the indepent variable is the change in mass. the purpose of this experiment was to see the different mass for four different samples.,0.0,0.0
831,1,you would need the weight of the samples to see how much everything weighed.,0.0,0.0
1576,1,to replicate the experiment they would need to know how much vinegar was put in each container. they also need to get rid of the ''determine the mass of four different samples'' and instead say mesure the starting weight of the samples.,1.0,0.3333333333333333
477,1,"in order to deplicate this experiment, we would need to know how much vinegar the people used. if we don,t know and we use more or less, it could change the experiments outcome. also , we would need to know all of the tools they used so that we could use the same ones. and finally, it would help if they measured the mass inbetween the 24 hours.",1.0,0.3333333333333333
1166,1,"the additional information needed is the amount of vinegar in each sample, the amount of sample poured in each containers, and in the end of the experiment the procedure does not tell you to weigh the ending sample, without this information you cannot fulfill this lab to get the data recorded in the table.",1.0,0.3333333333333333
655,1,"to replicate the experiment, i would need the materials to replicate the procedure i would need to know how much vinegar to pour each of the containers .to replicate the experiment would need to know where to place the containers with the vinegar and materials in it .",2.5,0.8333333333333334
173,1,the procedure has to be more specific. it should include that the experiment needs an ending mass and the difference of the beginning and end. it should have materials listed. it should have within the procedure a mini procedure for each material.,0.5,0.1666666666666666
39,1,they should add how much vinegar to add to each sample. for this lab to be more accurate they should have also added more trials as well as adding a constant variable such as a rock in just water.,1.0,0.3333333333333333
716,1,"if this experiment was going to be repeated, a control would need to be used. instead of using vinegar, the materials would be placed in water. also, the procedure does not clearly state how much vinegar is used on each material. the amounts should be equal to balance it out. changing the amount of time the samples sit inside the containers could also change the results of the experiment.",1.0,0.3333333333333333
91,1,"i think that knowing the temperature in the envoment would be very useful, i'm sure it we heated the samples or froze the samples, we wouldn't get the same results. also, we need to know what type of environment we should place this in. should it be sunny, dark, windy, hot, cold, etc. i also think we should know what kind of container and how large it should be, we don't even know the right amount of vinegar to pour on the samples. this experiment is missing too much information.",3.0,1.0
1616,1,"the additional information that you would need is the statement, why were you doing this and were the results right or wrong. such as this the type of result you were looking for.",0.0,0.0
878,1,"in the experiment, they wood is the one that shaped the same and the limestone, the one that went down the most. if the experiment was for an hour it would double.",0.0,0.0
1143,1,"record mass of all different samples, record the starting mass of each sample, record the entry mass and the difference in mass.",0.0,0.0
1136,1,the group would need a problem hypothesis and a conclusion of what happend in this experment these 3 things would make the experiment a whole lot better it would ready state what they are trying to figure out.,0.0,0.0
1634,1,additional information i would need to know would include several things. i would need to know what the four samples of material are. i would also need to know the amount of vinegar to pour in each container. i would lastly need to know what type or size my containers need to be.,3.0,1.0
502,1,"to exactls replicat this expirement you leashneed to know how much of each sample to test with. also you would need to know how much vinegar to use in the different cups, lastly you would need to know how much distilled water to rinse the samples with.",1.0,0.3333333333333333
340,1,i would say one piece of information they forgot was the amount of vinegar they put in each procedure.,1.0,0.3333333333333333
29,1,"in order to replicate this experiment, you would need to know what the samples were. in this group's procedure, they do not state what",3.0,1.0
1105,1,what we need is two determine the mass of the samples and the label and they reely need to rinse it more.,0.0,0.0
1517,1,to repeat the experiment i would have to know much vinegar i am pouring into containers. i need to know room temperature or temperature to see p it affects it also how long do we rinse the sample for is it in to get all the stuff off or just get it a little wet.,3.0,1.0
948,1,"after reading the groups procedure, additional information that would be needed to replicate the experiment would be the number of trials that this experiment has to be done in order for u to be in a more valid. their would also need to put for how long the samples need to be rinsed because if one sample was rinsed longer than another it would affect the difference in mass at the end of the experiment. and most importantly they should be more specific in exactly what the objects are being soaked in this experiment for 24 hours or this experiment would be convincing to follow.",2.0,0.6666666666666666
170,1,to replicate this procedure you would need to know how much vinegar to pour into each of the containers. you would also need to know when you started to know when to finish the experiment.,1.0,0.3333333333333333
915,1,"in order to replicate the experiment, i would need to know how to find the mass of the samples, possibly using an electronic balance. i would also need to know how big of a container to use. sometimes, if you have a lot of vinegar, the results will be different. i would also need to know the purpose of the lab. is it to see the effects vinegar has on each of the sambles?",1.5,0.5
494,1,"after reading the groups procedure, some information i would need to replicate this experiment would be the temperature of the distilled water. also, i would need to know how much vinegar that the group put in each cup. lastly, you would need to do multiple trials for reliability.",1.0,0.3333333333333333
956,1,"in order to replicate the experiment, i would need to know first what question the students are trying to answer and what the purpose of the lab is. then, i would need to know what the three samples are. i would also need to know how much vinegar to put in each container and how large a sample of each material to use. the amounts are not specified. finally, it would be helpful to know if a control should be used and what it should be.",3.0,1.0
1035,1,"in order for me to replicate this experiment, i would need a mass scale, vinegar, containers, stickers for labeling.a watch or timer and paper for it to dry after rinsing it. i would also need samples of marble,limestones,wood and plastic.",0.0,0.0
590,1,"to replicate this experiment you need the materials used in the experiment also you would need to make sure you follow the directions, record your data.",0.5,0.1666666666666666
753,1,the additional information that i would need to replicate the experiment the amount of vinegar plced in each cup i would also need to know how much each cup weighs by itself. i would need to know how big each individed,2.0,0.6666666666666666
660,1,after reading the group's procedure they would need these four samples they need need to put down what there procedure is about.,0.0,0.0
236,1,"in order to replicate this experiment i need to know the materials, what kind of sample material, and why are they doing the experiment. how much vinegar rinse or how long",3.0,1.0
735,1,in order needs say the information.,0.0,0.0
1225,1,i would need ^p wood mass=starting 11.2 ending11.2 ^p marble mass=starting 9.8 ending 9.4 ^p plastic mass=starting 7.2 ending 7.1,0.0,0.0
1362,1,"i would need to determine the mass of four different samples, then i would sample the marble of the starting mass, then i would make sure that i have labeled of all the samples of starting mass, ending mass and difference on mass. after 24 hours remove the samples from the containers and allow it to dry.",0.0,0.0
937,1,some additional information that we will need in order to replicate the experiment is the materials that are needed. the other two things that is needed is that the students should write how to use the material and also how to clean up and clear everything out after experiment is over.,1.0,0.3333333333333333
1068,1,"the first, most dmas piece of information missing from the procedure is the 4 types of samples you need in the expirement. you cannot replicate the expirement without knowing what samples to use. the next piece of information missing is how large the sample should be. you should not have to guess what or appropate size should be. also, the procedure does not include the amount of vinegar needed to be poured into each container. the amount of vinegar needed is essential information. also, the procedure does not include how or where the samples should be stored. for example, should they be left covered or not?",3.0,1.0
109,1,"additional information that is needed in order to replicate the experiment is the measur ments of the liquids poured into the cups. also wat size cups are the liquids poured into. in the procedure it says ""pour vinegar in each of four separate, but identical containers"". that is the additional information that is needed in order to replicate the experiment.",1.0,0.3333333333333333
1291,1,hypothesis to take a guess wether the mass of four samples 1 of they was going to be right. ^p independent dependent variables in the students experiment ^p results - the would didn't have any difference in mass and had the starting and ending mass were were the same 11.2,0.0,0.0
571,1,"one thing you would need to know to complete this experiment is know how much vinegar do you need to put in the vinegar. and lastly how long are you keeping these samples in vinegar for? days, weeks,it never tells you this information, it would be much more accurate if we knew those following things.",1.0,0.3333333333333333
893,1,in order to replicate this experiment you would need to know how much vinegar to use the size of the container the ph of the vinegar and the room temperature,3.0,1.0
950,1,in the information they talk about all the procedures that the students did on there experiment. the students listed everything but they didn't give us the time they started. so you will know when to start the 24 hours. so you can drain them and let them come out.,0.0,0.0
1051,1,i think that these braid made to for the,1.0,0.3333333333333333
1190,1,"we would need to know how much vinegar the students used in the experiment. we would also need to know what kind of container they used. these two bits of information are important to know so that we can make sure that the replication samples were covered with vinegar the same as the original. we would also need to know the dimensions of the samples because a change in surface area would greatly alter the experiment (for if an object has a higher surface area to volume ratio, it will dissolve more quickly than a sample with a lower ratio). lastly, we need to know the concentration of the vinegar.",3.0,1.0
1206,1,"in order to replicate this experiment, i would need to know how much vinegar to pour in each container. also, i would need to know what samples i am using. i would need to know what size or shape of container to use. finally, i would need to know exactly how each samples is to be put in and removed from the container.",3.0,1.0
887,1,"after reading the groups procedure i would need additional information in each to replicate this experiment. for example, i would need to know how big should the containers be to put the sample. then, how much vinegar should be added to each container. finally, i would need to know if all the four samples be put in the container at the same or will it affect the final results of the experiment.",2.0,0.6666666666666666
1402,1,"you would need more vinegar and marble, limestone, wood and plastic to replicate the experiment.",0.0,0.0
853,1,"the first starting mass was for wood 11.2g ending mass 11.2g and difference in mass 0.0g. second was limestone with starting mass 10.4g, ending mass 9.1g difference -1.3g. third starting mass was marble 9.8g ending mass at 9.4g and difference in mass -0.4g. last was plastic starting mass 7.2g ending mass 7.1g difference -0.1g.",0.0,0.0
737,1,"after reading the group's procedure, in order to replicate the experiment they would first have to be more specific and tell what the samples had to be. that is the only thing they would need to do.",1.0,0.3333333333333333
720,1,"i think they should also put why are they doing it i mean, what is the main idea of it because just to say they are trying to determine the masses of four different samples like the temperature, volume, how ro the samples in a determined place etc.",1.0,0.3333333333333333
456,1,where do you place the vinegar and where does the marble go in the experiment . why do you need vinegar? where does the acid come from?,0.0,0.0
266,1,"the other information i would need to replicate this experiment is, what do we use for the samples? how much each ""samples"" do we use? and how do we determine the mass of each sample?",1.0,0.3333333333333333
76,1,"in order to replicate ta experiment, a person would need to know a few more things. they would need to know which substances to use & how much of each one. the person would need to know how much vinegar to put in the container. they would also need to know what temperature to put ta containers in. one might also want to know what type of container, how to write down the findings.",3.0,1.0
446,1,"in order to replicate the experiment , the group's procedure would need to specify what unit of measurement to measure mass in (g), to specify which samples were being used( marble,limestone,wood, of plastic). and specify the size and type of the containers used (beakers)",2.0,0.6666666666666666
397,1,"in order to replicate this experiment you would have to include the measurements of liquid to pour in each containers, to identify each of the samples of decks you are putting in the container and label the containers.",1.0,0.3333333333333333
177,1,"these students procedure was not a reliable one. the material needed to mention what kind of material they uses. is there only reducing to ism the ""sample."" they also needed to know how much vinegar to pour into the cup. the material also that not include in control groups. which is a centered post or any experiment. they student variable unchecked. they also included only the trial.",2.0,0.6666666666666666
1045,1,"after reading this experiment there is a lot i'd need to know. how much vinegar are they adding to each container, they need a control group in this experiment to rounenst results. i would also need to know what sample goes in each container.",2.0,0.6666666666666666
1600,1,"the additional information needed in order to replicate the experiment is to have a control for each of the four different samples, also measure the amount of vinegar being poured and 24 hours exactly being washed.",1.0,0.3333333333333333
1274,1,"additional information needed is how much vinegar to use on each material. also, good additional information would be to tell where they left the containers with the materials.",2.0,0.6666666666666666
1266,1,"additional information that i need in order to replicate the experiment, is how much vinegar should be poured in the containers. and if it should be the same amount in all. more information needed is the amount time that the samples should be rinsed with distilled water. lastly, information also needed is where to put the samples for the 24 hours. it doesn't say if the samples were put in different locations.",3.0,1.0
598,1,you wouldn't need any information. they provide you with all the information you need. they tell the procedure and they give you the data and they make a chart.,0.0,0.0
62,1,this group left same very important thing out of their procedure. first of all they didn't tell us what sumples to use for the experiment. they didn't tell us how much vinegar to use or what size containers we would need all of this information to replicate this lab.,3.0,1.0
875,1,"in order to replicate the experiment one would need additional info that the group left out of their procedure. the group needs to include the problem, a hypothesis of what they're testing, materials ""they need to"""" perform the experiment, and a conclusion that analyses their data and states wether their hypothesis was wrong or right. the group also needs to list the amount of each sample used so that can remain a constant not a variable changed.",0.5,0.1666666666666666
1243,1,"if you want to replicate the experiment you would need to get a new starting mass, ending mass and a difference in mass. you will also need to find new rocks to experient to find different mass of each rock. you will also need new vinegar so they dont get mixed up with the other vinegar.",0.0,0.0
1566,1,"after reading this groups procedure, there are four different pieces of information i would need to replicate this exact experiment. one, the group must include what the 4 samples are, anyone reading this procedure would not know what the experiment was testing. two, you must include the amount of vinegar being poured into each separate container. thirdly, they must include under what conditions should the samples be left for the 24 hours. lastly, i would need to know what types of containers these samples should be placed in, should they be put in plastic or glass or even open or closed containers?",3.0,1.0
280,1,"to replicate the experiment i would need to know how much vineger is being poured in. i would also need to know if the mass should be the same for all student samples. lastly how much of the sample should be getting added to the container, weather or not all of it or half of it should be added.",1.0,0.3333333333333333
37,1,in order to replicate the experiment i would need to know how much of each material is used before i go and find the mass. i would need to know how much vinegar to pour on each material. although they show the materials in the data take they should still list them in the procedure.,2.0,0.6666666666666666
665,1,"in order to replicate the group's experiment, you would need to know some additional information to the procedure given. one of these pieces of information is how the group determined the mase of the samples. was it with a triple balance scale? etc. another piece of information explained is how long each sample was. finally, in order to replicate the experiment, you would need to know the amount of vinegar used.",1.5,0.5
1506,1,"in order to replicate this experiment you would need to know the amount of vinegar in each cup, and that the amount remained constant throughout the experiment. you would also need to know how much distilled water was used to rinse the samples.",1.0,0.3333333333333333
1204,1,"some additional information i would need to repeat this experiment would be the amount of vinegar used in each cup, the how much distilled water to rinse with as well as the amount of time spent rinsing.",2.0,0.6666666666666666
980,1,"the procedure did not tell the reader that they would have to record their data. this is important to replicate the experiment because if you do the experiment without writing anything down, you can't see the results as well.you would also need to know how much vinegar to put in the containers and have it be the same amount for each sample. you might also want to include the difference between the starting ending mass in the data findings.",1.0,0.3333333333333333
1315,1,"make a data table to record each sample and the starting mass. also record the ending mass, and the difference in mass. also record the lowest and highest mass.",0.0,0.0
741,1,"in order to replicate this experiment, the group would need to most importantly state what the experiment is for, name the materials used and a hypothesis for the experiment.",1.0,0.3333333333333333
192,1,i think that they should have did the project more than once probably about two more times to see if there project was right and they also should have written out there conclusion as well as putting it on a graph.,0.0,0.0
922,1,"some additional information that would need in order to replicate the experiment is the amount of vinegar you need, the size of the containers used in the experiment. you would also need to know the temperature of which the experiment would be staying at in the 24 hour period.",3.0,1.0
458,1,"in order to replicate this experiment, i would first need to know how much vinegar was poured into each container so i don't put in too much or too little. i would also need to know the size of the containers they used because bigger or smaller containers could affect how the vinegar affected the 4 samples and lastly, if i had only looked at the group's procedure, i would need to know what four samples the students used so that i could replicate the experiment. and then, i would need to know where the containers were kept so i could give mine the same amount of light and other things.",3.0,1.0
678,1,to replicate this experiment i would have to know how much vinegar to poor. i would have to know whatknd of samples to use.,2.0,0.6666666666666666
763,1,"additional information that you would need are the amount of vinegar that you pour into the samples, the temperature which you take the experiment and the efficiency of experiment. ^p + vinegar affects the mass of sample (when it go inside - absorb). ^p + temperature affects evaporation. ^p + efficiency; when doing experiments you must have this measure of some conditions.",2.0,0.6666666666666666
1507,1,a control variable is one of the most important things to include in the procedure and this group did not do so. the procedure should also include how much of the vinegar solution should be poured into the containers because a difference in the amount of vinegar could affect the outcome. it would also be a good thing to mention to record your information so that you won't forget it later on in the experiment.,1.0,0.3333333333333333
731,1,"the students should state what the four different samples are, state how much vinigar should be used in each samples container. also there should be safety procedures so that no one gets vinigar in their eye.",2.0,0.6666666666666666
414,1,they need to repeat every step that already preformed.,0.0,0.0
1101,1,additional information you would need to repeat this experiment would be: what kind of samples are being placed in the vinegar. also you would need to know how much vinegar is being placed into each container.,2.0,0.6666666666666666
828,1,"to replicate the experiment, you will need to know how much vinegar they put in each single container, you will need the size of the single containers and you need to determine the same masses for the materials.",2.0,0.6666666666666666
619,1,*include the name of the samples in the procedure. ^p *say how do students measure the mass. ^p *ask students to obsecvate the data and drawn conclusion.,1.0,0.3333333333333333
115,1,"in order to replicate this experiment, you should know how much of each sample you were supposed to start with, what you were trying to determine from this experiment and you should know how the containers were kept room temperature outside etc.",1.0,0.3333333333333333
419,1,"in order to replicate the group's experiment, there is additional information that would need to be known, such as how much vinegar was poured into the four seperate containers, how much of each sample is used and what the group used in order to determine the mass of each sample.",1.0,0.3333333333333333
1591,1,"the additional information you would need in order to replicate the experiment would be first, naming the four different samples given to you. secondly, you would need the amount of vinegar needed to pour into the containers and what kind of containers. thirdly, you would need to know how you would determine the mass (example, with an electric balance). the students need to be more specific on their materials.",3.0,1.0
972,1,"the additional information needed to replicate this experiment included the starting shape and size of the sample, how much vinegar is being poured into the container and last what is being used to determine the mass of the samples.",2.0,0.6666666666666666
607,1,"in order to replicate the experiment, i would need to know how much vinegar to pour into each cup so each sample is equal. i would also need to know the location of where the containers should be put during the 24 hours (ex: shade/sun). lastly, i would need to know what kind of container should be used; a plastic, a covered or a dark container etc.",3.0,1.0
1598,1,"additional information would consist of its shape, resistance and total masses lossed to complete the experiment.",0.0,0.0
90,1,"additional information that could be useful in order to replicate the experiment would be to list the actual samples in the procedure so you can see what your using. secondly, in the procedures i nade need to what to weigh the mass in, for example, they didn't tell you to weigh in grams and i wouldn't be able to complete the experiment easily. it doesn't tell how much vinegar to actually pour into each container in order to replicate, i would need to know that.",2.0,0.6666666666666666
851,1,"to replicate the experiment i would need the data, the samples of the experiment and i would also need the equipment.",0.0,0.0
1271,1,"in order to replicate this experiment, we would need to know how to determine the mass in steps 1 and 6, or what instrument to use. we would also need to know exactly what kind of identical containers they want to use in step 2. finally, in step 5 we would have to know how and where to let the samples sit and dry.",2.0,0.6666666666666666
1597,1,"what i would need it to maybe is to let the samples sit and dry for more than 80 minutes ^p also multiply the last row for starting mass, ending mass, difference in mass. be they repeat it.",0.0,0.0
756,1,to replicate the student experiment you would need too find out how much vinegar too use for the containers. you would also need to how big of containers to use and you need to have more than one teal for each of the sediments to use.,2.0,0.6666666666666666
501,1,"in order to replicate the experiment you would need the amount of vinegar you use, for amount of marble,limestone and wood ,water you could use and has to determine the mass of the material.",1.0,0.3333333333333333
12,1,the additional infomation you would need to replicate the experiment would include the size of the samples. also you would need to know the kind of vinegar. in a ddition it is crucial to get the same type and size containers.,3.0,1.0
398,1,"to replicate the experiment, you would need to know how much of the sample to put in each container, where they stored the containers for 24 hours, and where they put each sample when they removed them from the containers and rinsed them with distilled water and let the sit and dry for 30 minutes.",1.5,0.5
286,1,"they did not tell us what to measure with, they also did not tell us how much vinegar to put in or how big of containers.",2.0,0.6666666666666666
1069,1,"you need to add to number 4, it should say how much distilled water, for number 24 it should say how much vinegar.",1.0,0.3333333333333333
693,1,the first piece of information need would be how much vinegar has to be used in the containers. how much distilled water has to be used to wash them and does the containers need to do the present exciddion,2.0,0.6666666666666666
1365,1,"additional information needed for the groups procedure is that the group should have stated what kind of samples were needed to perform the experiment. what also could have been identified is the amount of vinegar the student should pour into the composition the sample. another steps that could help a student when replicating into maybe have an exact measurement of the samples, instead of having each one vary from 7.2 - 11.2. for example maybe have each one way 9.8 to see easier which sample to affected more by acid.",1.5,0.5
1563,1,"additional information that would be needed is how much vinegar was added to each sample, how did the students figure out the ending mass, and where did they place the samples in the period of 24 hours.",2.0,0.6666666666666666
692,1,"the procedure is unclear. in order to effectively replicate this experiment. i would need to know what the four samples that are needed, were, i would also need to know how much vinegar to pour into each container. it would help to know how large each container was as well.^p1.vinegar amount. 2. types of sampling. 3. containers size.",3.0,1.0
854,1,"the group would need to table the date, explain what they are trying to experiment and also write a good conclusion on what the outcome of their experiment was. this will help the panature to make and sence as to what you are trying to find out and, day.",0.0,0.0
160,1,the additional information you would need in order to replicate the experiment is the difference in mass from the beginning of the experiment to the end of the experiment. you'd also need to know what all the samples were and would need the same amount of vinegar in each container.,2.0,0.6666666666666666
898,1,the three additional information you would need for a complete procedure for acid rain would be telling what each sample was in order to do the project. and also how much vinegar to put inside each separate container and last was what temperature should you rise the samples in water after 24 hours process.,2.0,0.6666666666666666
1319,1,where do we keep the containers? how much vinegar will we use and lastly what type of wood and plastic will we use?,2.0,0.6666666666666666
259,1,"in order to replicate this experiment you would need to know how much vinegar to pour in the four separate containers. you would also need to make sure you put the same amount of vinegar in each container. the last thing you would need to know is how much sample to put in the containers, and make sure its the same type of sample you used at any time.",1.0,0.3333333333333333
337,1,"you would need to know how much vinegar should be poured into each of the four containers, you should also know what the acidity of the vinegar is so that you wouldn't use a stronger or weaker ph level. you would also need to know if you need to incubate the containers so that their environments remain constant.",3.0,1.0
1567,1,"in order to replicate this experiment one would need to know some additional information. first of all, it would be helpful to know how much vinegar needs to be poured into the containers. also, from the student's written procedure one does not know what materials the 4 samples are. that would also be helpful. lastly, it would be important for the student to include that at the end of the experiment that they took the difference in mass.",2.0,0.6666666666666666
1042,1,"the groups procedure was missing the amount of vingar to put into each of the containers, how big each sample should be and what to weigh each sample on.",2.0,0.6666666666666666
518,1,"additional information i would need to replicate this experiment is how much vinegar do i pour into each container? also i would need to know the control of the experiment so i could see what changed and how. i also need to know what i should use to measure the mass. they only say nreeus the mass in their experiment, they never told me specifically what to measure it with.",1.0,0.3333333333333333
1018,1,"the additional information you need in order to replicate the experiment would be the time the example was started,the difference in mass from all four samples and determining which sample had more mass,which sample had the least. an explanation of why the amount of mass was that amount",0.0,0.0
771,1,if you were going to replicate the experiment you would also need to know: ^p what the samples are ( so you could use them) ^p how much vinegar to put into the containers. ^p what materials you need to gather without the above information you couidn't properly replicate the experiment.,2.0,0.6666666666666666
1671,1,"we would need to replicate steps 1-6 for samples. ^p marbles, limestone, wood, plastic. ^p what kind of containers? ^p if the containers are dry, it can change the difference in the mass.",1.0,0.3333333333333333
764,1,"in order to replicate this experiment, i would need to know how much vinegar to pour into each of the containers. that would ensure that the differences in mass of the rocks was because of the rocks, and not the amount of vinegar. also, i may need to know what types of rocks to use in the procedure list.",2.0,0.6666666666666666
1223,1,"first, the students should have specified what four samples to use in the first step. in step 3, the students should have told the reader that the samples were to be placed in the containers containing the vinegar. also, it would have been a good idea to have included a step at the phd in which they would have to repeat the lab for accuracy.",1.0,0.3333333333333333
1657,1,"i would need to know the amount of vinegar to put in the four containers. i would also need to know where to leave the containers from temp) also, what should i remove the samples with? (tongs)",2.0,0.6666666666666666
524,1,why they even did it is in the first place. and what am i wanting to replicate the experiment and also where would i get the supplies i needed. and if there's anything that i shouldn't use in this experiment.,0.0,0.0
23,1,the students data needed to include how much of the solution was poored. they also needed to find out if the rocks weighed the same when they started.,0.0,0.0
358,1,to me i think that this experiment will need to tell what you have to repeat in the bottle and give more examples about what they are doing to make this experiment working.,0.0,0.0
1410,1,the additional information i would need is to know what size the containers should be. i would need to know what to label the containers. also how much vinegar i have to put in to each container.,2.0,0.6666666666666666
342,1,"how much vinegar would you pour in each cup. what temperature would the samples be in,would it be the same or would it be different? how would also need to know if they used the same size cup. these things are all very important information that wasn't included.",3.0,1.0
433,1,"in order to replicate this experiment, i would need to know what the samples experhar in the procedure are without this information i could use amthing as the samples that get completely difference showa.",1.0,0.3333333333333333
475,1,"information i would need: ^p - what do they want to find out in other words, their implied aim. ^p - the amnt of vinegar. ^p - the amnt of sample.",1.0,0.3333333333333333
218,1,"additional information that would be needed for the procedure would be how someone find the mass of the samples and using what to find the mass, what are the samples;marble, limestone, wood and plastic and how to find the different in mass.",1.0,0.3333333333333333
914,1,1. you need to know the amount of vinegar being added. ^p 2. you need a controle group. ^p 3. you need to know what your labeling each container.,1.0,0.3333333333333333
1336,1,1.)how much vinegar should go into each container ? ^p 2.)why doesn't it matter which sample ? ^p 3.)does it matter whether the the containers will affect your results ?,2.0,0.6666666666666666
1014,1,for this experiment to be repllcated there would need to be a few added things such as what should be used used to measure the 4 different materials. also what would those 4 materials be. it never states what materials to use. how much vinegar should be poured into cup? ^p should it cover the material or not all the way the people performing have no idea about these things. there also needs to be a control maybe one untouched or put into water.,2.0,0.6666666666666666
1627,1,"you also would need to know how much vinegar to use, what kind of vinegar to use and the 4 different samples.",3.0,1.0
94,1,in order to replicate the experiment we would need a control. we would also need the four samples to use. and another thing is what can of vinegar to use and how to weigh the mass of each one. that is what we would need to replicate the experiment.,1.5,0.5
1011,1,additional information that i would need to know in order to replicate the experiment is how much vinegar they soaked the samples in and how big the containers were that they used. and i would also need to know what shape the samples are.,2.0,0.6666666666666666
1073,1,"in order to replicate the experiment, the students need to specify what types of samples are needed to be used to find the mass. the students also need to specify how much vinegar to pour in the container. accurate results would require a set amount of vinegar. another thing the students needed to include in order for someone to recreate the experiment is to include what to label the container. step 3 was too vaugue and it would be better to say label what material is in the container. they also should add more trials for more accurate results.",2.0,0.6666666666666666
1095,1,you may also use a couple of samples incase you make a mistake while you are putting that one sample in that container. you never know you can mes up.,0.0,0.0
699,1,in step 2 of says to pour vinegar in each of four separate but identical containers.,1.0,0.3333333333333333
1495,1,it didn't give enough information.,0.0,0.0
999,1,they need to specify what the four different sample are because it is the independant variable. they also neat to include how much vinegar is used because it is a controlled variable. knowing the amount makes the experiment more accurate and more valid. another thing is they don't mention a step in the procedure telling the person to measure the stones before they are placed on vinegar. this is needed for comparison. a control (one with just pure water) is needed to increase validity.,2.0,0.6666666666666666
154,1,to replicate the group experiment you would need to add information even as if the lab is valid.,0.0,0.0
1102,1,"in order for myself or another to accurately replicate this acid rain procedure line two would have to be edited from ""pour vinegar in each of the four, separate, but identical containers"" to pour (amount in ml) of vinegar in each. this extra step will help with the validity keeping the procedure a lot more accurate in order to help someone else or even them self replicate the experiment accurately.",1.0,0.3333333333333333
1441,1,"to replicate this experiment and make if beff you will have to have va i in more accurate information, an conclusion and a graph.",0.0,0.0
1670,1,"to determine the mass of four different samples, to pour vinegar in four seperate container. place a sample of one material into one container and label. after 24 hrs remove the samples from the containers, allow the samples to sit and dry for 30 min and finally determine the mass of each sample.",0.0,0.0
792,1,"after reading their procedure, i don't even know what they are trying to do. if it was my procedure, i would try and make it more clear so that the person reading it knows what going on. i would add how many times to measure the mass and when to or now as well.",0.0,0.0
583,1,to replicate the experiment you might need to know how much vinegar to put in the cups.,1.0,0.3333333333333333
706,1,"i would need to know how much vinegar to pour into the container and what type of vinegar to use. also, they do not state what the four different samples are in their procedure which could cause confusion.",3.0,1.0
1215,1,"in order to duplicate this experiment i would need a list of materials, what kind of samples and simpler steps.",1.0,0.3333333333333333
1396,1,the additional information you would need to replicate this experiment is how much vinegar needs to be put in each container. an additional piece of information that would help replicate this experiment is how long should you rinse each rock for because some rocks may absorb water which would add on some weight.,1.0,0.3333333333333333
490,1,"you would need to know how much vinegar to put into the cups, that way you would get more accurate results.",1.0,0.3333333333333333
562,1,"there is something missing. in the procedure it says to pour vinegar into the containers. what it fails to mention is how much vingar to pour into each container. without this the experiment is impossible to replicate because the independent variable would be the amount of vinager added, but there is no mention of how much to add",1.0,0.3333333333333333
1144,1,"place a sample of one material into one container and label, ""repeat with remaining samples"",meaning a sample into a sangle container.",0.0,0.0
1122,1,"in order to replicate the experiment they would need an equation to work with, a table of ingredients and the conclusion.",0.0,0.0
804,1,"in order to replicate the experiment, additional information is needed. you need to know how much vinegar to put in each container, in step 3, you need to know what material you are putting in each container. you also should know how long to rinse the samples and how much water to rinse them in (step 4).",3.0,1.0
515,1,"in order to repeat this experiment you would need to know what containers the samples were put in , how much vinegar to pour into the containers and where you should let the samples dry off.",3.0,1.0
636,1,"to be able to replicate the expariment, you would need to know the 4 samples you are exparimenting with. although the 4 samples are listed in the data shown below the procedure, it doesn't show the samples in the procedure and if i was to do the expariment without the other groups data, there is no way i could without knowing the samples.",1.0,0.3333333333333333
1232,1,"additional information that you would need to repeat this experiment would be one: how much vinegar is added to each separate container. two, how much of each sample is added to each cup. three, what you are measuring the weight in. four, what temperature the samples be kept at for 24 hours.",2.0,0.6666666666666666
1491,1,"after reading the group's procedure, to replicate this experiment, i would need a scale, four identical containers, vinegar, a sample of marble,a sample of limestone,a sample of wood, a sample of plastic , a stop watch, water and labels.",0.0,0.0
1153,1,clearly this group procedure is not clear. they ask you to determine the mass of four different samples. they did not state which samples. they also did not state what unit of mass to use when weighing the objects. without that i cannot be sure if my data will be reliable.,0.5,0.1666666666666666
793,1,in order to a successful introductions of the expiriment we would need to know what the different samples are. how much vinegar should be pour into the containers. and what equipment to be use to determine the mass of each sample.,2.0,0.6666666666666666
117,1,"you would need to find out and label the different sizes and shapes of the 4 samples, you don't pour the vinegar in, instead you say to drops in each container. you want everything to be the same, and when you pour you don't always get the exact amount for each container. also state the mass of ph label of the vinegar.",2.5,0.8333333333333334
743,1,"i will need to add the vinegar in each of four separate and 24. 24 hours, i remove the samples from the containers and rinse each sample with distilled water and after i determine the mass of each sample.",0.0,0.0
1084,1,first i would describe the materials i am using because in their procedure they only told us their putting vinegar in them they didn't say what.,1.0,0.3333333333333333
833,1,in order to perform the experiment the way the students did one thing you would need to know is how much vinegar to put in the container. also what size container should be used. another thing that should be known is what temperature should the samples kept at. lastly what temperature should the water use to rinse off the samples be and how long should they be rinsed.,3.0,1.0
120,1,"to replicate this experiment, you would need to know the mass (amount) of vinegar used in each cup. it is also necessary to know the temperature of the room that the experiment was performed in. a different temperature could speed or slow the reaction in each cup. the last piece of information required would be he size of the cup used in the experiment. the volume of the cup and/ or the shape of the cup could completely alter the results of the experiment.",2.5,0.8333333333333334
659,1,"in order to replicate the experiment you would need to know how much vinegar to pour in each container. also, you would need to how to determine mass. not to mention, you would need to know in what temperature would need to leave the samples to dry.",2.0,0.6666666666666666
1594,1,"in order to copy this experiment you need to know what samples to use, for example list the marble, limestone, wood and plastic. also starte how much vinegar to pour or how little same with the distilled water. and what will you use to determine the mass of the samples.",2.0,0.6666666666666666
638,1,"a person trying to replicate this experiment would need to know what type of containers to put the samples in, how much vinegar should be added at the temperature that the containers should be kept under. all of these would be information a person trying to replicate the experiment would need to know.",3.0,1.0
371,1,my opinion is to not change anything because it seems alright it has the 4 samples and the procedure presents the table.,0.0,0.0
270,1,"the students need to include what the samples were. you can't do an experiment if you don't know what you're testing on. the students should also include the temp. that the containers were stored at for 24 hours. lastly, they should include how much vinegar was poured into each container. they could've put the same amount or different amount. they could've put little or a lot.",3.0,1.0
658,1,to replicate this experiment i would need to know how much acid rain is used in the four samples. i would also need to know the measurements of vinegar poored into each of the containers. and what tempeture are the samples kept at for constain amount of time and how long for each time period.,2.0,0.6666666666666666
938,1,"to replicate this experiment you would need to know the exact amount of vinegar used in each container or else the results would be different. also, you would need to know the temperature of both the vinegar and the water you used you rinse the samples in, and the outer temperature where you let them sit for 24 hours.",2.0,0.6666666666666666
825,1,"if i were to replicate this experiment by looking at the procedure i would need a little more information to make it accurate. first of all you would need to know what the different samples were (marble, limestone, wood and plastic). i would also need to know that i had to measure the mass in grams and i would also need to know how much vinegar i need to pour in each cup.",2.0,0.6666666666666666
869,1,there is one piece of information on that you would need in order to replicate this experiment that they forgot. you need to know the amount of vinegar that needs to go into each cup. if you didnt know that the whole experiment wouldnt be correct. you should have the vinegar at a constant measurement.,1.0,0.3333333333333333
47,1,"one extra thing that needs to be included is what material or object the four samples are of another thing not included is the amount of vinegar needed to put in each containers. the words ""a sample"" doesn't specify the exact amount of each rock are needed. a repetition of this experiment is needed to verify the results.",2.0,0.6666666666666666
1432,1,in order to replicate the experiment i would need to know specifically what materials to start with and the amount of vinegar that i should pour into the four cups. i would also need to know where to store the cups. it would be helpful to know what technique that they used to rinse each sample as well. much more information is needed in order to accurately replicate this experiment.,3.0,1.0
994,1,how much vinegar do you pour in the four containers.,1.0,0.3333333333333333
879,1,1) how much of each sample should i use to replicate the experiment. ^p 2) how much vinegar should i use when replicating the experiment. ^p 3) what should i use to determine the mass in my experiment.,1.0,0.3333333333333333
776,1,additional information that should've been added to the acid rain experiment is that there needed to be more samples becaus somthing could've went wrong during at least one of the trials. bin they didnt just try a plain trial with other things to see if it effected the ending mass.,0.0,0.0
1222,1,indicate what 4 miterials you are finding the mass of. how much vinigar must be poored into each container. recording data along the way is important and not on the procedure.,2.0,0.6666666666666666
1672,1,"in order to replicate this experiment, we would need to know the temperature of the vinegar as well as how much vinegar to put in. both of these could vary and therefore change the result of the experiment.",1.0,0.3333333333333333
5,1,"for the students to be able to make a replicate, they would need to tell use how much vinegar is used and what tipe of materials is needed for the expirement.",2.0,0.6666666666666666
1006,1,in order to replicate this experiment you would need to know how much vinegar to pour into they containers the group should also state were to let the samples stir and dry and how big of a container that the under should of seen and into.,3.0,1.0
1444,1,"to replicate their experiment there are three pieces of information missing. how much vinegar they used, how big the containers were and what they were made of and what samples they used. if they added those things in the procedure you would be able to replicate their experiment.",3.0,1.0
265,1,"there is some additional niformation i would need in order to replicate the experiment, first i would need to know what the four different samples are. second i would need to know how much vinegar i should pour into the ontainers. third, i would need to know what type of container i should use. last, i would need to know where to keep the containers during the 24 hours. these are the things i would need to know to replicate the experiment.",3.0,1.0
1313,1,"additional information that i would need in order to replicate this design is the four different samples. i would need to know the samples used to replicate this exeperiment. also, i would need to know how much vinegar needs to be added to each stare, should it be submerged or not. also, i would need to know does tempereture play a key factor, what is the temperature. lastly, i would want to know the acidity of the acid(aka)vinegar.",3.0,1.0
1526,1,"after reading the groups procedure, the additional information that i would need to replicate this experiment would be a control. they don't have anything to compare their data to, they should have used acid rain and distilled water as there experiments. also they didn't show the number of trials which should be more than one so they could get an average and get more valid data. the group also should have told me the amount of vinegar to put into each cup and the amount of ""one material"" in each cup. i have an idea how much ""one material"" is.",1.0,0.3333333333333333
445,1,"in order to replicate this experiment, you would need to know how big samples to use. you would also need to know the problem or what you were testing for in the experiment.",1.0,0.3333333333333333
1005,1,first the students should have the amount of vinegar that goes into each container. also the group should use a control in this experiment. to replicate this experiment we will also need to know under what coniditions the samples an the vinegar woll be in. we would noed to know whether or not it was in the sun or dark because that will make a difference.,2.5,0.8333333333333334
1080,1,"the first thing is that the students needed to specify their samples in the procedure instead of just being general saying samples. they also need to tell you to find & record the starting mass of each sample. you'd also need to know how much vinegar to pour into the contairs. finally, they need to say at what temperature they should sit (room temp).",3.0,1.0
840,1,you have to minus the ending mass from the starting mass.,0.0,0.0
1493,1,i think the project needs to change,0.0,0.0
306,1,to replicate this experiment additional information you would need is a time chart to keep track of time.,0.0,0.0
1302,1,"in order to replicate the experiment, you would first need to know how much vinegar to use. also the amount of time its supposed to sit for. most importantly, you would need to lable each container with the difference in each one.",1.0,0.3333333333333333
315,1,the information the students left out was the control. the control of the expiriment was the actions of the vinegar in the water that affacted the samples.,0.0,0.0
150,1,"in order to replicate the experiment, you would need additional information like how much vinegar was poured into the separate containers, what tools to use such as safety goggles, and having more trials.",1.0,0.3333333333333333
1151,1,additional information i would need to know to know is how much vinegar i would need to put into each up. this information would make sure that i get the same results every time. instead of putting too much or too little of the substance.,1.0,0.3333333333333333
1216,1,"to replicate this experiment, you would need to know what samples to use. it does not state what samples were used until the data table was shown.",1.0,0.3333333333333333
577,1,"additional information i would need to replicate the experiment is to whether i should leave the samples in a dark or lighted area for the 24 hour time period. also i would need to know if i should leave the samples at room temperature or a cooler area. i would also need to know how much vinegar 3 should use, it doesn't state it clearly.",2.5,0.8333333333333334
51,1,"in order to replicate this experiment, i would need to know what the different mauterials were. i would also need to know how many different materials there were and what the starting mass of each material was.",1.0,0.3333333333333333
1299,1,"in order to replicate this experiment you would need to know the amount of vinegar used, how moch sample there was and what times the experiments were preformed at.",1.0,0.3333333333333333
729,1,"in order to replicate the experiment, they should say what temperature to keep the room at, they should also say exactly how much vinegar to put in each container because that would change the results. and also they should include a specific amount of how much of the sample to put in, because if one sample is bigger than another, that will also change the results.",3.0,1.0
836,1,"i would need to know the original size of each of the four different samples. it is important to have them all be the same size. i would also need to how much vinegars to put in the containers. the third, piece of additional information i would need to know is how much much distilled water i should rinse off each sample with.",2.0,0.6666666666666666
1118,1,step 1 should be to gather each materials. ^p you need to know what materials to use. ^p step 7 should tell you how to do the graph.,0.5,0.1666666666666666
1169,1,"which material you are using for the experiment, also record their masses before the vineger and also when it's in the vinegar. you also might want to mass the cup filled with vinegar to see how much grams it had gained with the material.",0.5,0.1666666666666666
472,1,"some additional information is needed to replicate this experiment. first of all, the students need to state exactly what four types of samples to use in the experiment (marble, limestone, wood and plastic). they also need to state in the procedure the amount of vinegar (and type of vinegar) that needs to be put in each cup. the procedure also needs to state exactly how many repeated trials with the remaining samples should be done and how many extra samples should be used for the repeated trials.",2.0,0.6666666666666666
974,1,"i dont think i would add any additional information, the procedure seems pretty straight forward and very informational.",0.0,0.0
656,1,"i would need to know what the samples were of, how much vinegar, what containers, what material & how much of that material.",3.0,1.0
401,1,"after reading the procedure, i would need to know the materials the students are using. i would also need to know why they are doing the experiment, what is the purpose? what kind of containers are they using and how big are they?",1.5,0.5
514,1,"in order to replicate the experiment i would first need to know the amount of vinegar that the samples were placed in. secondly, i need to know on what i should place the samples on, to allow them to dry. lastly, to replicate the experiment i need to know the control group and the type of container i should use. also it would be necessary to know what i should weigh the samples on.",3.0,1.0
322,1,"the group should be more specific including the names of the samples(add rain sample1,2,etc.). they should specify what kind of container to pour the vinegar into in step 2. in step 4, they should say where to put the samples after they have been removed from the container.",3.0,1.0
20,1,"in order for the me to replicate their procedure, i would need to know what four samples they used, they should include that in their procedure. also they should stay where you are to put the four containers during the 24 hour time period finally, they should include what type of vinegar or what brand so that when i were to do this experiment, i would in as close to what they actually did, and therefore would be able to replicate the experiment.",3.0,1.0
687,1,"in order to replicate this experiment information would have to be added to the procedure. i would need to know how much vinegar was put to each of the containers so that i can make sure some of them gets the same amount. also, i would need to know how to determine the mass of the four different samples (by using a balance, or scale, etc). finally i would need to know if the containers were closed or not, because that environmental factor could change the results of an/my/their experiment.",2.0,0.6666666666666666
36,1,well i would need to know what the problem statement is. i would need to know what type of cups we are using.i would need to know the amount of vinegar we are using. and i would need to know if the amount of vinegar in each cup will differ.,2.0,0.6666666666666666
905,1,"additional information that i would need in order to replicate this experiment would be, what the sample are, how much vinegar i am supposed to pour into the container and lastly, how do i determine the mass of each sample (in other words what type of measuring device do i use).",2.0,0.6666666666666666
830,1,some additional information could be the amount of vinegar poured into the containers or they could state what they used to determine the mass of the samples. also since there is multiple varieties of plastic.they could state what kind of plastic they used.,1.0,0.3333333333333333
1553,1,"in order to replicate the experiment, i would need to know what i would measure to measure the mass with a sale. second, i would need to know to measure the mass in grams. third, i would need to know if i should round the mass to the nearest tenth or hundreth of the gram.",0.0,0.0
409,1,"you would first want to know why this experiment was being conducted, what results where they looking for. you should also need to tell how much and what type of vinegar was being poured into the solutions. equal masses of each solution as the starting mass would also be",2.0,0.6666666666666666
923,1,some additional information i would need to replicate this experiment is how big the containers where also how much vinegar i would need to put in each container. the last thing i would need to know is if i can use more than four samples.,2.0,0.6666666666666666
540,1,the procedure should contain what different samples are going to weighed. it also should say how much vinegar should b be putin the different containers. lastly the procedure should contain the information if the masses are going to be record do make a data table.,2.0,0.6666666666666666
761,1,the first thing that they are missing is the amount of vinegar. they didn't go into enough detail on what their experiment is about.,1.0,0.3333333333333333
1065,1,"i would have to know how much of each sample i would need to put in the cup. as well as needing to know how much distilled water in needed after the 24 hours, also i would need to know where to place the containers after they need to sit for 24 hours. i would need to know all of this if i wanted to replicate the experiment.",1.0,0.3333333333333333
1202,1,"you will need to do the same steps over. but you need to be safe with gougles, apnn, maybe gougles.",0.0,0.0
247,1,additional information you would need in order to replicate this experiment is a little to show what the students are experimenting. including writing down the data in the experiment. make step 3 to separate steps.also how to find the difference in mass from the starting mass to the ending mass. another thing to make the experiment better is ti tell how much vinegar to pour into each containers.,1.0,0.3333333333333333
1130,1,one piece of additional information that is needed is the amount of vinegar neccessary to pour in the containers. also it should explain how to determine the mass of the samples. in order to replicate this i would need to know what samples they placed into the containers.,2.0,0.6666666666666666
787,1,some additional information that you would need to add is the starting mass ending mass and difference in mass because in there procedure they also dont know the sought amount to pour vinegar in the container it just says pour vinegar. they should also say what the sample is.,2.0,0.6666666666666666
492,1,"to replicate this experiment the following information is needed, the amount of vinger that is needed in this experiment should be given. in this experiment to much or to little virner may be used. there should as be multible trails because the different samples may or may not take any vinger in. and the labeling may not be the right label. the experiment should tell what each container should be labeled with.",1.0,0.3333333333333333
155,1,you would need to add how much vinegar is needed to be poured in the container. i think the students should have started out with the same mass. what type of vinegar and does temperature matters.,2.5,0.8333333333333334
964,1,some additional information you would need in order to replicate the experiment are the amount of vinegar put in each container. you need to know what the four different samples are and you need to know what unit to use when measuring the mass of the samples.,2.0,0.6666666666666666
856,1,"i would need the procedure, the samples, starting mass, ending mass and difference in mass.",0.0,0.0
628,1,"to replicate the experiment, i would need to know how much vinegar was to be added to to the four separate containers. even though the samples are listed in the chart, the group drew the name of the samples should be in the procedure.",2.0,0.6666666666666666
688,1,"in order to replicate this experiment, you would first need to know the exact measurement of vinegar they used. second, they would need to tell us the order in which they placed each materialinto the vinegar. lastly, to repllcate this experiment, you would need to know the amount of time that you rinse each material. so the all came out equal. you would need to know all of these steps because otherwise they could be venables alering the result of the experiment.",2.0,0.6666666666666666
572,1,"first off, you would need more samples of the rocks to put in the rain. also, to replicate the experiment you would need to new to state the next day try the experiment all over again. the person replicating it would also have to wait a whole other 24 hours. more water and vinegar would be needed too.",0.0,0.0
1589,1,in order to replicate this expirement they would have to,1.0,0.3333333333333333
18,1,the additional information i would need is to come up with an hypothesis to predict which sample will have the highest mass in acid rain. after that i will have to come up with my dependent and independent variables so i can tell and see each one is different in mass. i will organize the data to see if the information is accurate. then i will write the conclusion to see if my hypothesis was correct and to see if my results were correct.,0.0,0.0
128,1,i will need to add on them subtena by how many number their are. the sample has the amount of four layers it is to divide by eight.,0.0,0.0
1282,1,"the group would need to include in their proceedures how much vinegar would be used, because that would impact the results. they should also include the size of the seperate identical containers, which could also impact result. the group could have also included information about the vinegar's temp, which is an important constant.",2.0,0.6666666666666666
1644,1,"in order to replicate this experiment, we would need to know how much vinegar to put in the containers. we also would need to know how they plan to measure the mass of each sample. another thing we would need to know before we could replicate this experiment, what the hypothesis is.",1.0,0.3333333333333333
930,1,"after ending this groups procedure,i have decided that the group needs to show how much vinegar is added to each container.they should also include a purpose and problem statement to clear up wh we are going to replicate their procedure.",1.0,0.3333333333333333
983,1,"in order to replicate the experiment, the group of students need a control. in warm water is used as the substitute for vinegar. in the first step, the students need to identify the fast different samples that are going to used experiment on. also, the procedure did not identify how much vinegar should be needed to pass on the samples.this additional information would make the experiment more valid as it will be will be easier to follow.",2.0,0.6666666666666666
1640,1,you will need to add in step 4 where to remove the samples. how to determine the mass of the samples. what materials to use for the sample. these were additional information needed in order to replicate the experiment.,1.5,0.5
191,1,"in order to replicate the experiment i belive that the information wanted would be the starting rows, ending mass, and difference in mass. the additional information in my opinion would be how the structure changed throughout the procedure.i f you were to record this data at because the procedure would be successful to see the difference on mass in four samples",0.0,0.0
1142,1,"to replicate the experiment, you would need to add what samples you are using, like marble, limestone, wood, and plastic. you would also need to say how much vinegar to put into each container, and lastly, you need to say too also determine the difference between each mass.",2.0,0.6666666666666666
995,1,"in this procedure, the group should also add information of the exact amount of vinegar used, the measurements of how much of the sample were put into each container, the temperature control of the area you put them in and lose what kind of containers they used. all this information is needed to replicate the experiment.",3.0,1.0
1632,1,"if i were to replicate this experiment, i would need to know how much of each sample was used. i would also need to know how much vinegar was added to the container. also, the size of the container would be helpful. i might also need to know how much distilled water to use when rinsing each material.",2.5,0.8333333333333334
1387,1,well think that you would need all of the same steps in the procedure to repeate it. but don't have to find the mass between each object.,0.0,0.0
609,1,"in order to replicate this experiment, i would need to know what the 4 different materials are that i'd be testing. in addition, i would need to know the exact amount of vinegar that needs to be poured on each sample. finally, i would need to know that i was finding the difference in the mass from start to finish for each of the samples. otherwise, i would be missing my dependent variable!",1.5,0.5
181,1,"first, i woule say you need to get all materials before you do any of that. what would we use to get the masses of the 4 different materials and where woule we place the 4 containers while we are waiting for the results.",0.5,0.1666666666666666
303,1,"in order to replicate this experiment,you must also know how much vinegar goes in each container, how the mass is being determined and where the containers should be put for the 24 hours( what type of climate).",2.5,0.8333333333333334
499,1,you would need to know how big of cups to use. how much vinegar was put in each cup and how big of a sample to get.,3.0,1.0
1504,1,"you need the type of materials needed, the amount of materials in order to mix the samples and have steps in two different steps inorder to understand it.",1.0,0.3333333333333333
1392,1,the information not included in the procedure that should be stated is the amount of vinegar added to each of the containers.,1.0,0.3333333333333333
1590,1,specify what the samples are in step 1. specify how much vinegar in step 2. specify the size of the container in step 2. in step 4 specify how one should remove the samples from the containers.,2.5,0.8333333333333334
520,1,use the same material that is used for the experiment.,0.5,0.1666666666666666
1072,1,"in the procedures the group should have told wat the 4 different samples where, also could add a control for this experiment. they also should have determined and shown how much vinegar was being added.",2.0,0.6666666666666666
478,1,"one additional information you would need to replicate the experiment is the amount of vinegar, in ml, is needed to pour into the containers. every container needs the same amount of vinegar. the other additional information needed is the fact that the difference in mass has to be determined or else, you would miss the point. the third additional information needed is what to measure the samples with and what unit they need to be measured in. they all need the same unit and balance.",1.0,0.3333333333333333
158,1,"to replicate the experiment, you would need to find out how much vinegar to pour into the containers. we know that marble lost 4 grams, limestone lost 1.3 grams, plastic lost 1 grams and wood stayed the same, but we need to know how much vinegar was used for each sample.",1.0,0.3333333333333333
1246,1,"some additional information that would be needed to replicate the acid rain experiment may include the exact amount of vinegar that is poured into the containers. also you should know the room temperature and to make sure the room keeps in steady temperature throught the experiment. lastly, in order to replicate this experiment i would need to know how much distilled water to use and how should i dry it.",2.5,0.8333333333333334
1198,1,"the procedure that is determine the mass of four different samples, pour vinegar in each of four separate, but idential containers. after of one day remove and allow the samples for 30 minutes.",0.0,0.0
17,1,"in order to replicate this experiment, i would need to know the shape of each material, because the amount of surface area expand to the vinegar mass, changes the results. i would also need to know how much vinegar and what size containers to use in order to exactly replicate the experiment.",3.0,1.0
1075,1,"this group's procedure was good but some additional things i would have added was the number of samples, i determine the mass of the different samples, i believe that they also should have added the amount of vinegar they were adding to the identical containers, they also should put how much of the sample to put into the containers.",2.0,0.6666666666666666
1647,1,"the additional information that i would need to replicate this experiment is what size containers will be needed what size of marble, limestone, wood and plastic will be needed also what kind of vinegar was used if specified.",3.0,1.0
549,1,one thing they could have that they don't is a control of this procedure.the next thing they could have changed that they could have said how to get or determine the mas of each of the building material.the final thing is that i think with starting and ending mass they should have multipletllals.,0.0,0.0
661,1,"they could have told us the amount of vinigar used, what they used to make the distilled water, and the could have explained how to rinse the material. i we should sook it in the water for a fewseconds or just rinse them.",1.0,0.3333333333333333
1360,1,you would need to tell us how long it stayed out there.,0.0,0.0
1022,1,"to replicate the experiment you need to know how much vinegar to put in the containers, there needs to be a control, and you also need to know the shape of the objects because shape could have an effect on how much material gets dissolved.",1.5,0.5
1603,1,"in this procedure i would of also mentioned weighing the rocks, i would at stated how much vinegar you pour in each container and i would of listed how to find the mass.",1.0,0.3333333333333333
962,1,the students in the group should have the starting mass be the same for the samples in order to give accurate results . also to replicate it. i would have to know how much vinegar is being poured into each container. last the amount of distilled water for each sample should be specified.,1.0,0.3333333333333333
1569,1,they didn't come up with the independent & dependent variable ^p - make up a question ^p - create a hypothesis,0.0,0.0
285,1,in order to repeat the students procedure they need to tell how much of each sample is to be placed into each cup. they also should state how long the samples are to be rinsed. if there are different amounts in each cup the experiment will not be valid.,1.0,0.3333333333333333
800,1,you would need to give information on what the experiment is about.,0.0,0.0
1361,1,"how do you find the mass, whatdoyoumeasureon and how much vinigar.",1.0,0.3333333333333333
227,1,"we would need to know what the investigation was, need to know what kined of ""sample"" their talking about. what they used to determine the mass. all of this information will help the reader help understaned the investigation better.",1.0,0.3333333333333333
27,1,they needed to include what time they started and when they ended. also the amount of vinegar they used. also the size of each sample.,2.0,0.6666666666666666
1479,1,"to replicate this experiment the information we need is the amount of vinegar that they poured into each cup. another piece of information we need is what kind of samples they are, because if the data table was caried the water could not follow the procedure. the procedure does not state what the samples are. the last piece of information we need is what are we going to use to determine the mass after it sits fo 30 mins. it does not tell what instrument we need to find the mass.",2.0,0.6666666666666666
439,1,in this experiment an additional iformation to perform the experiment would be that the amount of vinegar is poured into the container. this may effect the amount of mass lost fom the samples. i also think placing them in certain places with different temparatures effects how much the samples would loose mass.,2.0,0.6666666666666666
1626,1,the procedure does not state what the four samples they are testing. they have to be clear and actually name them also. we do not know how much of each sample to place in the container. it should have a constant mass for each of the samples. the procedure does not state how much vinegar to pour in h2o it is very important to know the amount that they put in.,2.0,0.6666666666666666
231,1,"one piece of information i would need to know in order to replicate the group's procedure is how much of each sample did they put into each vinegar-filled container. i would also need to know how much vinegar was used in each sample container. i would also need to know how much distilled water to use when cleaning the samples. if i used different amounts of water when washing the samples, one may not be as thoroughly washed as another which could mess up the results.",2.0,0.6666666666666666
38,1,"i will need to know what's the purpose for this experiment, know the difference in mass for each sample, and i need to know an esimate of what they thought the starting and ending mass was.",0.0,0.0
752,1,"take an hypothesis of what masses they'll have, analyze your results and make a conclusion to the problem.",0.0,0.0
1048,1,if you were to replicate this experiment you would have to know how much vinegar to add to the containers. you would also have to know what kind of environment you should leave them in and how to determine each mass.,2.0,0.6666666666666666
471,1,"after reading this groups procedure some additional information they would need to add to complete this experiment is first, they need to tell you correct measurements such as how much vinegar to pour. also, they should tell you how to determine the mass of each sample because there are many possible was you could find the temperature or measure it etc. both of these observations should be added to the produre in order to do the experiment.",1.0,0.3333333333333333
1418,1,"additional information needed to replicate the experiment would be how much vinegar was added to each of the four separate containers. also you might say how long to rinse the samples under distilled water for. finally, the students should also state where to place each cup during the experiment and to dry. you need to know whether it should be in a cold, wet environment or maybe warm & dry.",3.0,1.0
1643,1,"to replicate the experiment, the first thing that a group would need is a control variable. second, we would need to know where to put the samples after taking them out of their containers. in able to complete this experiment. lastly we would need to know what kind of temperature condition to put the samples in. in able to have the experiment preesse.",2.0,0.6666666666666666
690,1,"according to the data that the students recorded, the starting mass had higher levels the ending had some other high and low levels and the difference on mass had some law numbers out an order to replicate the experience i would never backround hypothesis graft, counclution, problem, materials i think that what i will need in order to replicate the experiment.",0.0,0.0
1535,1,"if i wanted to replicate the experiment i would need to know what kind of containers to use, i would need to know if i should cover the samples in the containers i would also need to know what the samples are. how am i suppose to know what i am tasting if i don't know what the samples are.",3.0,1.0
642,1,"one idea they might need to use, is to say what four materials/sabstones are being used in your procedure. also they should be sure to use a control in this experiment(missing). the group should also used more than one trial to their experiment/lab.",1.0,0.3333333333333333
1436,1,one way they could be more clear is by using how much vinegar into the containers. also they can write ho to much of the different are needed and if you need to place the samples in a certain pt.,1.0,0.3333333333333333
1221,1,"the additional information you would need is the procedure.you would need the marble, limestone, wood and plastic, you also need the starting, ending and difference in mass.",0.0,0.0
1161,1,"in order to replicate the group's experiment i would have to know more information. for example, it says to put vinegar, but it doesn't say the measurement of how much would be needed. it would also have to say what type and what size container to put the vinegar in. lastly, the procedure would also have to say what types of samples they would be placing inside the container with vinegar.",3.0,1.0
1386,1,"in order to replicate this experiment thoroughly, one would need to know the approximate size of each sample, as a 10 inch block of wood and a 10cm block would react differently. also, are would need to know how how much vinegar to put in each cap and what the conditions of the room were when you leave the samples for 24 hours.",3.0,1.0
1303,1,"you should obtain 4 seperate containers. and then mass the container so you can subtract the weight of the container when you mass the samples. this will give you just the mass of the samples, not the samples and container combined. the amount of vinegar to add to the samples should also be determined more clearly.",1.0,0.3333333333333333
1519,1,"the procedure given doesn't have enough information so that someone could replicate it. what else is needed is to state the different samples needed. it also needs to identify how much vinegar goes into each container for the samples. lastly, we need to know what kind of containers (how big) each of them are.",3.0,1.0
803,1,"the procedure should include what type of measurement to measure the 4 samples in, which would he grams as shown in the data table. also what to measure them with. it should specify the amount of vinegar which needs to be poured into the containers. and finally, the procedure should explain how to determine the masses of the samples in step 6",1.0,0.3333333333333333
161,1,"to replicate the groups procedure i would need for them to tell the reader how much vinegar to put in the containers, how much of one sample material do they want, and how they want us to determine the mass.",1.0,0.3333333333333333
959,1,"after reading the groups procedure, there are some things that may need to be added to be able to replicate the expirement. in the procedure, the students would have to add what the four samples are that are being used to determine the mass. also, the students used to write down how much vinegar to put into each of the four containers. last but not the least, the students will have to add what size should all four containers be for the samples.",3.0,1.0
1189,1,well they all got diffient number of there project cause of the marbal got 9.8 limestone got 10.4 and wood 11.2 plastic 7.2 for the starting mass -5 project.,0.0,0.0
824,1,"in order to replicate their experiment you would need additional information. first, they need to specity what the",3.0,1.0
1409,1,"in order to replicate this experiment, you would need to know: ^p 1. how they got the mass of the four different samples ^p 2. a list of constants ^p 3. you would have to know how much of a sample you would place into the container of vinegar and if it's the same for all four materials.",0.0,0.0
880,1,"to successfully replicate this experiment, i would need to know how much vinegar to put into each container because the results might come out differently with different measurements of materials. i would also need to know the amount of each sample to place in the vinegar. the final piece of information i would need to know is how much distilled water i am allowed to use to wash the vinegar off of the samples.",1.0,0.3333333333333333
916,1,"i would need to determine the mass of four different samples. also, place a sample of one material into one container and label and after 24 hours,remove the samples frim the containers. i would have to do the mass of grams for the samples.",0.0,0.0
153,1,"to replicate this experiment, you would need to know the volume of the vinegar in the cup, the temperature of the surroundings, and the exact acidity of the vinegar on the ph scale.",3.0,1.0
1530,1,the amount of vinegar stated in procedure # z. ^p the type of container for each substance. ^p how much distilled water you would need to rinse,2.0,0.6666666666666666
512,1,i would have to write down what causes acid rain and put chemicals make up acid rain and why isn't it poisoning to humans.,0.0,0.0
1138,1,"the information that you would need in order to replicate the experiment are a control group. also, what are the four different samples? another additional information would be a graph to chaw what happened and a conclusion.",1.0,0.3333333333333333
1253,1,what temp is everything? they should include the temp and how mutch vinegar. also repeat twice.,2.0,0.6666666666666666
1394,1,"after reading the group's procedure, one thing they could add is to specify in the 1st step what they're testing. for example, they could have said, ""determine the mass of marble, limestone, wood, and plastic. another thing this group could have done is to conduct more trials of the experiment so that they could get valid results. finally, another thing this group could have said in their procedure, making it easy to replicate is, by specifying the amount of vinegar someone should put in each of the 4 containers.",2.0,0.6666666666666666
104,1,"if i was doing this experiment i would have taken the temp. of the room, i also would have given a measurement of how much vinegar i used.",2.0,0.6666666666666666
589,1,"the procedure is lacking multiple aspects of a good procedure sheet first, it should include measurements. we need to know how muche vinegar to put with each sample, second, the procedure does not list what materials to put in the vinegar lastly the procedure does not list safely precautions such as wearing gaggles these are important while working with chemicals.",2.0,0.6666666666666666
1477,1,"after reading this procedure, other additional information you would need to replicate the experiment is in the procedure they should state the materials that there going to be testing instead of saying samples. another is they should have more controlled valiable instead of other samples tosit for 30 min they should have more to determine what to do with samples and containers. they should have a control to test the results and see how this varied against the control. this is the same information i would need to replicate the experiment.",1.5,0.5
1146,1,"you would need to know how much vinegar was put in to each sample, find the size and shape of the container so the same amount of vinegar was actually covering the sample. you would need to know the shape or volume of sample because the surface are has to be the same so the same amount is affected by the vinegar.",3.0,1.0
54,1,"in order to replicate the group's i would need to know how much vinegar to pour in each of the four and how long containers, how much the sample you need to add you need to rinse the samples.",2.0,0.6666666666666666
152,1,"some additional information i would need in order to replicate the experiment would be how much vinegar do i put in each container. also what am i supposed to label the container? i'm not quite sure how to measure the mass by using a scale?. if so, the same scale for each sample. also, how big are the samples sapposed to be?.",1.5,0.5
405,1,"in order to replicate this experiment there are few additional pieces of info they should have included. one thing should have included is how rough vinegar they poured into each container. if there was more vinegar in one container then the other them one with more would lose mass readily. another thing they would have included is a control without a control, there is nothing to compare your results to. one last thing that is is necessary to repeating this experiment is you must know how much of each sample that you used. if you use more of one sample than another, then of course it is going to way more. each sample should be the same size.",2.0,0.6666666666666666
1621,1,i would need to know how much vinegar to put in each cup. i would also need to know if the samples had to be anything in paticular. do you have to have the four samples related to each other or can they be random items? how long do i rinse the sample in distilled water for?,3.0,1.0
208,1,"in order to replicate experiment acid rain'' you will need get four seperate but identical containers, the materials marble, limestone, wood, and plastic. after you have these materials you need to weigh them before you put each of them in their own container, after you have these materials you need to weigh them before you put each of them in their own container. after 24 hours, rinse the solutions off and weigh the mass again.",0.0,0.0
1578,1,this group needs a control. they need something that won't change. they also need them to have all the ^p samples with the same starting mass. lastly i was never told how much vinegar i should into the container. ^p that is important to know because you cant guess for how much to put in.,1.0,0.3333333333333333
1125,1,"the information that i would need to replicate this experiment is what material i am putting in the container. i need to kind the control group indipendant variable,dependant variable, control variable. also what temperature they were in and what i am lableing the containers.",2.0,0.6666666666666666
1464,1,tell us to do it again.,0.0,0.0
9,1,some additional information you will need are the material. you also need to know the size of the contaneir to measure how the acid rain effected it. you need to know how much vineager is used for each sample. another thing that would help is to know how big the sample stones are by measureing the best possible way.,3.0,1.0
1017,1,"1. one thing that could be added to the procceger is that you could try using another liquid, rather than viniger. 2. another thing that you could change is add two of each type so there would be 2 stone types, 2 plastics, and 2 woods. 3. instead of rinsing each sample after 24 hours you could messure the mass with the viniger and then rins it off and measure without the viniger.",1.0,0.3333333333333333
1497,1,1) gather materials. ^p 2) pour 20 ml vinegar in each of four separate out idenical containers. ^p 3) place a samora of the material into the container and label. reapent with remaining placing a striges sample into a single container. ^p 4) after 24hrs remove the sample from the containers and rines each sample with distilled water. ^p 5) allow the sample to sit and dry for 50 mins. ^p 6) determines the mass of each. ^p 7) clean up where you worked.,0.0,0.0
1063,1,1. you would need an expiremental control having just vinegar. ^p 2. no more than one trial for each sample to have precision. ^p 3. you would need to label how much vinegar would be put in.,1.0,0.3333333333333333
454,1,to replicate the experiment you wood need to no what materials they used for the experiment. also you wood need to no how much vinegar they put in each of the containers. finally you wood need to no what size the container is so that you can tell how much of the vinegar is tuching it.,3.0,1.0
255,1,the procedure should include what 4 samples they are testing. they need to include the ammount of vinegar in each up in metric format. the way of massing the sample should be clearer and should also explain that each sample should be massed sepparately.,2.0,0.6666666666666666
1330,1,"after reading the groups procedure, several things are needed in order for the experiment to be replicated. first, the four different samples should be identified and the desired mass should be specified. also the amount of vinegar added to each sample should be identified.",1.5,0.5
899,1,"well first thing they do was they determine the mass of the samples, they vinegar on different samples and than they wash it with water.",0.0,0.0
1452,1,after adding i determined that,1.0,0.3333333333333333
883,1,"i would need to know what the four different samples of material i was massing were. i would need to know how much vinegar to add. i would need to be told to calculate the difference in mass once the ending mass was found. in the beginning the procedure should also say to gather all materials and safety equipment, (goggles, hat)",2.0,0.6666666666666666
1573,1,"after reading the procedure in order to replicate the experiment, you would need to know how much of each sample there was. also, you would need to know what kind of vinegar they're using, as well as how much to pour into the container. you might also need to know how long to rinse each sample and if it was with warm or cold water.",3.0,1.0
626,1,i would need to know what the purpose of me doing the experiment would be and what exactly was i trying to find in order to replicate the experiment.,0.0,0.0
347,1,the additional information it would need would be the,1.0,0.3333333333333333
1428,1,"the three things that need to be added to replicate this experiment is to place marble, limestone, wood, and plastic each in a different cup filled with vinegar. at the beginning you need to determine the mass of a piece of limestone, marble, wood, and plastic. at the end after you determine the mass calculate the difference in mass by subtracting the first mass of limestone, marble, wood and plastic by by the ending mass of each.",0.0,0.0
264,1,"in order to replicate the experiment the group will have to start over again by determining the masses of the marble, limestone, wood and the plastic. pour the vinegar into their containers. place the materials into the containers and wait 24 hours. may be the mass will be differet may be it will be the same.",0.0,0.0
1324,1,"some additional information would be make sure the sample is dry to do anything else. next, make sure you get all the data and make a chart.",0.0,0.0
151,1,"they needed to add what the samples were how the mass should be determined,they need to tell you to table the containers, and you need to record tour data.",1.0,0.3333333333333333
474,1,"in order to replicate this experiment, you would need to know some background information on how much acid rain across each sample. another piece of information needed would be is how much vinegar was pour into the separate identical containers. a third piece of information needed in order to replicate this experiment is how the gram measurements were taken use they taken using a gram soak? all of these things are needed in order to be able to replicate this experiment.",1.0,0.3333333333333333
643,1,"you would need to know how much vinegar you pour in each container, so the results are accurate. you would need to know how big each sample was you would also need to know what temperature this experiment was done at.",3.0,1.0
1656,1,determine the mass of four different samples.,0.0,0.0
1570,1,in order to figure out how to replicate this i would need to know the containers size. also i would need to know how much vinegar to put in. i would need to know how long to wash with water for.,3.0,1.0
553,1,to replicate the experiment i would need to know what the students goal was. i always label how much of an amount to put into a container. in their procedure its that the students did not do this.,0.0,0.0
931,1,"in order to replicate the experiment you would need to know how much vinaggar they poured on the three samples, the size of the samples, and the size of the containers. we would have to know all those things if we wanted to do this lab exactly like they did.",3.0,1.0
491,1,"you would need to know how much vinegar to use, what size the containers should be and how many trials to conduct to replicate the experiment.",2.0,0.6666666666666666
1620,1,"some additional information you would need would be the names of the four samples being used in the procedure, the amount of vinegar put in each cup and the size of the cups being used. you would also need to be told to determine the difference in mass.",3.0,1.0
1174,1,the changes they could make are ^p 1)have an exact amount of vinegar they use in each container. ^p 2)they should repete the experiment more then one time. ^p 3)and they should make sure they have the same size of each material.,2.0,0.6666666666666666
147,1,i need to know how big the container is & how many of them.,1.0,0.3333333333333333
1608,1,"fix this experiment, the procedure needs additional information. for example, the four different samples or how many or what kind of containers. then it needs to state how much of each ""sample"". this procedure needs to be more descriptive and precise so people doing the experiment gets it done correctly.",2.0,0.6666666666666666
404,1,"you would need to state that wood didn't lose any mass, the plastic lost 1 of mass, the marble lost 4 of mass and the limestone lost 1.3 mass. then you would say that limestone loses the most mass and wood lose the least mass.",0.0,0.0
957,1,"in order to replicate the acid rain experiment, you would need to know specifically what four samples are being tested, how much vinegar should be poured into each container and what kind of balance/scale should be used to determine the mass?",2.0,0.6666666666666666
1565,1,"to replicate the acid rain experiment you would need to know what size container to use,you would also need to know what the four different samples were. lastly, you would need to know how long to note samples for.",3.0,1.0
662,1,the group of students investigating acid rain are missing several pieces of vitel information som ther data quatative data is recorded such as starting mass sitting mass and difference in mass unserturetly only one type of quatetive data is recorded the sample type eg in a get the container and vngr types are not this causes type as different types of vinegar have different levels of acid concentration the ^p cup brand plays a less significant role but when trying to replicate an experiment the material and procedure have to be as close to the original as possible.,2.0,0.6666666666666666
1375,1,one piece of information that would be necessary if replicating this experiment is how much vinegar was used. you would also need to know how much of each sample you would place in the cup. you might also want to know what size cup was used so that the person conducting the experiment could do if exactly the same. on other piece of information that would be helpful is knowing how long for use the saying so that each sample is getting the same amount of h.o applied.,3.0,1.0
465,1,to replicate the experiment you may want to know what the mass is when you take the sample out of the containers incase the water has an effect on it. also you can try doing the experiement for a shorter or longer amount of time to get better results. last you can let the samples dry longer to see what happens to them.,0.0,0.0
1352,1,"well, you will need the same amount of objects to the other experiment, so it could be the same.",0.0,0.0
187,1,"1. i would have to know what kind of area i would have to leave it in for 24 hours. (temperature) ^p 2. i would have to know what kind of wood to use, if there has any specific. ^p 3. also in step 6, it does not say what i have to use to determine the mass of the rocks, plastic and wood.",1.0,0.3333333333333333
1150,1,"in order to replicate the experiment i would need to know what the four different samples were, the amount of vinegar to pour in each of the containers, and i would need to know the problem statement. i would need to know these things because different amounts of chemicals can cause different reactions and because without them i wouldn't know what i was testing for.",2.0,0.6666666666666666
1227,1,"in order to replicate the experiment, we would need to know how much vinegar we add in each sample we testing, 5 lbs, 2 oz etc. also, we need to know if the containers must be covered or left open. also, what conditions should they be left in for the 24 hours ? darkness ? light ? both ? this is what we must know to replicate this experiment.",3.0,1.0
611,1,you need to know how much vinegar to pour in you place the containers will change alittle.,2.0,0.6666666666666666
144,1,"to replicate this experiment you would also need to know vinergar they used, the size of the cup and the the size of the samples.",3.0,1.0
754,1,"the students left out some important information in the procedure, like how much vinegar should be put into the cups. if we were to replicate the experiment we would not have the students data table so how much of what samples do we need to conduct the experiment. where should the samples dry, warm, cold, in the sun?",2.5,0.8333333333333334
984,1,"the group of students didn't specify what ""samples"" they were referring to. secondly, they didn't include how much vinegar to add to the containers in step 2 nor did they list the size and or volume of said containers. they didn't give instructions on how or what to label the containers in step 3, or how much distilled water one would need to rinse the sample with in step 4. all of these would need to be taken into consideration in order to replicate the experiment.",3.0,1.0
198,1,"need to know how much vinigar to put in each container, how you are going to get the mass of the sample and how they are going to calculate the difference should be included in the students procedure.",1.0,0.3333333333333333
886,1,"in order to replicate this experiment, i would need to know what kind of sample material is needed, how much vineagar to put in each container, and how much of each sample is necessary to get the best results.",2.0,0.6666666666666666
281,1,"to tell the amount vinger you pour into the container, the size of the container, ho long you rinse the sample off with distilled water. how many times you repeat each sample to get down to a writer mass.",3.0,1.0
295,1,"to replicate this experiment, i would need to know how much vinegar the group poured in each container without knowing the amount of vinegar i would get different results.",1.0,0.3333333333333333
1520,1,you would need the specific amount of vinegar used for the experiment to replicate it. you would also need to know what the specific samples were and the volume of the containers so that the experiment sould be replicated.,3.0,1.0
402,1,"additional information that you would need in order to replicate this experiment include the amount of vinegar poured into each container, where the containers are stored or kept for 24 hours, how the samples should be dried, and lastly, with what should the masses be taken on.",2.0,0.6666666666666666
123,1,what you would need to know to replicate the experiment is the amount of vinegar to put in each cup. also you would need to list the materials you were using. another thing you would need to know is what measurement of the mass would you use.,1.5,0.5
1210,1,the additional information i need in order to replicate the experiment is independent and the dependent variables. the materials needed to conduct the experiment. this experiment also needs trials.,1.0,0.3333333333333333
203,1,"i don't know what replicate means, so i don't know how to anser this question",0.0,0.0
838,1,"to replicate the experiment you would need to know how much vinegar you put into the containers. you would also need to know how much marble, limestone, wood and plastic are needed in each container. last, you would want to know what temperature you would keep the container at either hot or cold.",2.0,0.6666666666666666
248,1,"first you would need a control. the absence of what is effecting the dependant. in this case the dependant variable is the mass of the material and the vinegar is effecting it, so the control would be the material subjected to water instead of vinegar. this group had don't write down the amount of vinegar. its very important that this amount is held constant throughout the experiment. they should also mention the mass of each material because each of them have to have the same mass in order for the results to be accurate and reliable.",1.0,0.3333333333333333
1442,1,additional information needed to replicate this experiment would include: ^p - what kind of four samples are being used. ^p - how much vinegar to pour into the containers. ^p - what kind of containers are being used. ^p - how to to remove the samples and place them into containers. ^p - what to label each of the separate containers.,3.0,1.0
1584,1,you would need to know how much vingar is need and what is the purpose of the experiment.,1.0,0.3333333333333333
1568,1,"in order to replicate this procedure, it would have to tell what the samples are. there is no way of correctly replicating if the wrong samples are used, which could happen without proper explanation.",1.0,0.3333333333333333
1156,1,"i would need to know the certain type of 4 samples i would need to use to complete the experiment. i would need to know how much vinegar to pour in each container so i would have unreasonable results. i would also need to know what type of containers to use in order to complete this experiment, whether it it is big, medium or small. it would also help to show the problem so i would understand what i am trying to investigate.",3.0,1.0
1429,1,"to replicate the experiment, i would need to know the amount of vinegar needed to be poured into each container. i would also need to know firstand what my samples are; i don't want to look for them in the results.",2.0,0.6666666666666666
386,1,first the experiment needs to have a controll. they need to put the materials in water to see if it has any affect on the materials. second they need more than one trial for each material. i suggest three so you recieve better data. the third thing they can do is tell us exactly how much vinegar they are putting into each sample.,1.0,0.3333333333333333
1469,1,"in order to replicate this experiment one would need to know several things. first, the amount of vinegar added would have to be specified. second, one would have to observe change in color and size of the samples, if any. third, the procedure doesn't tell you to find the difference in mass, which you should.",1.5,0.5
857,1,additional information i would need to know would have to be the amount of vinegar the students put into each container. i would also need to find out what type of vinegar was in use for this experiment.,2.0,0.6666666666666666
220,1,"the group would need to put in the materials, more information on what to do and add the measurement into be a good procedure.",0.5,0.1666666666666666
644,1,in my experiment i would include steps: ^p 1. gathering materials. ^p 2. observation of the substances. ^p 3. making sure no particles were lost in the rinsing of water.,1.0,0.3333333333333333
2,1,"after reading the expirement, i realized that the additional information you need to replicate the expireiment is one, the amant of vinegar you poured in each container, two, label the containers before you start yar expirement and three, write a conclusion to make sure yar results are accurate.",1.0,0.3333333333333333
113,1,"some additional information you would need to replicate the experiment is in the proceeduce include, what type of samples your using, also do explain why you are using vinegar. finally, to tell the reader what your weighing with and why.",1.0,0.3333333333333333
701,1,"to replicate this, i need to know what samples i'm working with. it doesn't tell you how much vinegar to pour into each of the cups. if says after 24 hours remove samples from the containers, where do they go for 24 hours?",3.0,1.0
1595,1,"additional information needed to replicate this experiment can be a number of this. one important thing would be how much vinegar are you pouring in the containers. without putting the same amount, it can change the mass of the samples. another thing is in step three the material and what you are labling should be stated. how are you going to know what to label it as and what material it is.",1.5,0.5
954,1,"you would need to know what samples you would need to use. how much vinegar to put in the container, say if there was any repeating the trial.",2.0,0.6666666666666666
1463,1,in order to replicate the experiment i would need to know how much vinegar should be poured in each of the four samples. i also need to know how much is the starting mass of each sample and how much is the ending mass of each sample in order to determine the mass of each sample.,1.0,0.3333333333333333
1413,1,if someone is going to repeat this lab the procedure should include that type of materials are used.if being repeated the person doing it might not use the same materials.also the amount of vinegar used in each container should be in there.they should also specify that types of containers are used.maybe restain types affect the experiment and some don't and they should then made note of that,3.0,1.0
1412,1,wood starting mass (g) 11.2,0.0,0.0
1294,1,"in order in replicate the experiment,you would need to know the amount of vinegar poured into the separate four identical containers, you would also need to know how the mass of the sample was examined(where type of scale) and should the sample the measure(what substance) are now indicated.all of the crucial elements stated a hour needed to marry out the experiment are not ntuing or missing not mention the lack of a control to compare results to.",2.0,0.6666666666666666
1508,1,"in the procedure, it does not tell you what the samples are, if you need to use",2.0,0.6666666666666666
443,1,"there are many things needed in this procedure in order for someone to replicate it. first, step 1 says, determine the nose of four different samples.they should have said what the samples were of. second, step 2 says, pour vinegar but it does not say how much vinegar. third, there is no control in this experiment. they should have tested each sample with no vinegar for a control.",2.0,0.6666666666666666
1139,1,"you would have to pour vinegar in each four seperate but identical containers. let it sit for 24 hours, remove the samples from the container and rinse each sample with distilled water. and then allow the samples to sit and dry for 30 minutes.",0.0,0.0
1259,1,the most weak sample was limestone because it lost 1.5g of mass. the other don't have much difference .the stranger samples in the acid rain is wood because didn't lost a gram.,0.0,0.0
1400,1,"after reading the group's procedure, additional information i would need to replicate the experiment to the different types of samples i would use, what to label the samples and what should i measure in.",1.0,0.3333333333333333
666,1,"additional information that i would need in order to replicate the experiment is how much vinegar to put in the different samples, what the constant variable is and how to determine the mass of each sample.",1.0,0.3333333333333333
1529,1,know all the materials they used and what the wight of each of the materials were before they were placed in the water.,1.0,0.3333333333333333
1260,1,"in order to replicate the experiment, i would have to know the hypothesis of the experiment, because i am ensure of what i am testing for. also, the problem to know what i am trying to prove, and the conclusion to see what resulted from the experiment, without these pieces of information included, it is difficult to realease the experiment because you were only given the procedure and not the full lab report.",0.0,0.0
1482,1,"in order to repeat this experiment you would need an electronic balance to measure the mass, cups to put the samples in and water to distill each sample with.",0.0,0.0
319,1,"the additional information you would need to replicate the experiment is to mention what the four different samples are, tell how much vinegar was used in each container and how many remaining samples are going to be used.",2.0,0.6666666666666666
651,1,"in order to replicate the experiment you would need to know what types of samples you should you should be using, how much vinegar you should put in each container, and you would also need to know how to separate the samples from the vinegar or whether or not the vinegar would be included when finally weighing the end mass of the samples.",2.0,0.6666666666666666
1437,1,"in order to replicate the experiment, i would need to know a few things suppos the ph of acidity of the vinegar. the surface area of the racks can also affect this experiment because the more surface area there is the more stone is in direct contact with the vinegar solution, this contact make one each dissolve faster then a rack with less of a surface area.",2.0,0.6666666666666666
712,1,"at the start of the procedure, we would need to know what four samples we were testing. otherwise we may test materials not even associated with the experiment. we also need to know how much vinegar we should put in the containers. we finally would also need to know what kind of containers we would put the samples in, plastic, glass? we need to know this as well.",3.0,1.0
1385,1,additional information you would need to be the exact measurement of the vinegar you are pouring in own cup. you would also need to measure the amount of vinegar after the 24 hours sitting. also you would need to know what temperature the containers would need to be placed out to receive the most erosion.,2.0,0.6666666666666666
1285,1,"in order to replicat the expirement, the procedure must tell us what materials they use for ""samples"", they must tell us how much vinegar they used in the four containers, they must tell us what to measure the mass of each sample in, and how long you rinse each sample in the distilled water.",3.0,1.0
975,1,"to replicate the experiment, i would have to know the size of its containers i use. also i would need to know how much vinegar they poured in. lastly, what is the sample material thats a major part of the experiment.",3.0,1.0
630,1,after reading the groups procedure i think that in order to replicate these experiment i will need to know what type of container and about how much vinigar to put into the conlainer.,2.0,0.6666666666666666
635,1,you would need to know the conditions of the sample: ^p -you would need to know what type of plastic because their are so many different plastics. ^p -you would need to know what type of wood because their are so many different types. ^p -you would also want to know the acidic level of their particular vinegar.,1.0,0.3333333333333333
1309,1,"starting mass, ending mass, change in mass.",0.0,0.0
1403,1,the second step should state how much vinegar is used.in step four how much vinegar is used. in step four the amount of distilled water and time used to rinse each sample should be stated.,2.0,0.6666666666666666
1411,1,"for this experiment, i would want to know how much vinegar i should pour into the cup. pouring different amonts could change the mass. the other information i would need is if i needed to rinse the material in a timely manner (10 sec, 20 sec etc). this could also effect the mass of the material. i would also need to know if the amount of the samples had to be the same size. that also could effect the difference of the mass's.",2.5,0.8333333333333334
1251,1,"in order to replicate this experiment, you would need to know which types of samples to begin with (marble,limestone,wood,plastic). you would also need to know exactly how much vinegar to pour in the containers for step 2, and lastly, what unit of measurement should the mass be recorded in?",1.5,0.5
1630,1,"to replicate this experiment one would have to know what is meant by the word samples, in other words, samples of what? one would would also have to know what type of container each sample be placed in. should the samples be placed in a beaker graduated cylinder or a crucible or any other laboratory container? one would also have to know for how long and how vigorously each sample should be washed after 24 hours.",3.0,1.0
1257,1,"the additional information that you would need in order to replicate the experiment, is the amount of vinegar that you need to pour in the containers, how much of the sample that you will use and what will you use to determine the mass of the sample.",1.0,0.3333333333333333
1374,1,the procedure is missing some critical info. first of all the group does not say what the samples are so to remake the lab. i would not know what i needed to get even though it shows it in the table they should have it in the procedure. also the group does not give details on how much vinegar to put in the containers. finally the group did not say the size of the container.,3.0,1.0
1357,1,additional information to replicate this experiment would be how much vinegar should be poured into the containers. another would be how much distilled water should be used to use the samples. the third would be by what method should the mass of the samples be determined.,1.5,0.5
1605,1,the following additionnl information i would put is record the difference in mass after the beginning and ending of each mass.,0.0,0.0
1540,1,"in order for me to replicate this group's procedure, i would need to have the problem their hypothesis. also the independent and dependent variables.",0.0,0.0
798,1,"some additional information you would need in order to replicate the expirement is to say how many containers and what size, how many containers and what size, how much of the sample to put in the container.",1.0,0.3333333333333333
648,1,"if i were to replicate this experiment, i would need to know how much vinegar to pour, what temperature to keep the experiment anothe vinegar, and what temperature to keep the experiment drying.",3.0,1.0
1015,1,"after reading the procedure, additional information that you would need to replicate the experiment would be; to know how much vinegar they poured in the four containers. explain how to determine the mass of each sample and state what kind of vinegar was used.",2.0,0.6666666666666666
559,1,"in order to replicate the groups experiment, i would need some additional information.i would need to know what types of samples to use what kind of containers to use and how much vinegar to pour into each container.",3.0,1.0
684,1,"in order to replicate this experiment i would need the size the four containers are, what the students used to measure the mass and how they got the answer of what the mass is. and how much vinegar the students poured into each container.",2.0,0.6666666666666666
580,1,"this procedure of acid rain tells about the starting mass in grams.they gave foour different samples but they didn't include a explanation way they were putting acid rain on the samples.the purpose of this experiment is to show the starting mass, ending mass, and the difference in mass i grams and it was compared to the different samples.",0.0,0.0
1112,1,"the information that i would need to order to replicate the experiment would be,what the purpose of the experiment is. they give me what to do but not what i'm looking for.",0.0,0.0
1269,1,"after reading the procedure there were 3 things missing. the three things were hour much vinegar did you put into each, container how much water do you use to rinse each object and how long do you rinse each object.",2.0,0.6666666666666666
1186,1,maybe put more mass in the wood and leve it in longer than 24 years and period in for 10 mins.,0.0,0.0
527,1,"in order to replicate this group's experiment, i would need to know how much vinegar to pour in each",3.0,1.0
1062,1,"additional information needed is you would need to know is, what the mass from the camse containers when they were full. you need to know the four different samples. how many containers you need.",1.0,0.3333333333333333
543,1,"a couple more things i would write in this experiment would be to make a hypothesis. also when you are putting the rocks to dry make sure all the rocks are in the same place so they all dry evenly. lastly, i would also i would compare the weights of all the rocks and see which ones heaviest at the begining and the end.",1.0,0.3333333333333333
1197,1,it is important to know how much vinegar to put in each container. it is also important to know how long to rinse them with distilled water or how much water should be used. the group should also write in their procedure whether or not they should cover the containers once they have the stone and vinegar in.,3.0,1.0
751,1,how much vinegar do you use for each cup of samples. they should have said how much water to rinse each sample with; also could you try different liquids.,1.5,0.5
1543,1,"to replicate the acid rain experiment, the group would have to include, how much vinegar to pour into the containers, what the starting mass of each rock should be and the amount of water the samples are rinsed with.",1.0,0.3333333333333333
1433,1,in able to replicate this procedure 3 steps must be added: ^p 1) what are the samples. ^p 2) how much vinegar is poured into the 4 containers. ^p 3) what unit of measurement is used to measure it mass. ^p 4) what kind of containers were used.,3.0,1.0
486,1,"to replicate this experiment you will need the same ingridients and procedures also the time. also, do a graph showing the difference in weight. we need to add the same amount of vinegar in each one.",0.5,0.1666666666666666
96,1,"in order to replicate this groups procedure, you would need to know the independent and dependent variables as well as the control group for the procedure. also, to ma ke it more clear, they would need to include a hypothesis of the experimenting well as a purpose.",0.0,0.0
1023,1,*they have to do the hypothesis to test if that mass is good to the experiment. ^p *they have to measure the amount of vinegar. ^p *they have to know how much time they have to repeat with remaining samples.,1.0,0.3333333333333333
566,1,"we would need to know 1) the four types of sample mentioned in 2) would need to be classified.temperature of vinegar, 3) type of wood /plastic/etc they used,and 4) the amount of vinegar they poured into each container.",2.0,0.6666666666666666
1267,1,"measure the amount, after the 24 hours. place the 4 different samples in 4 different places temperatures and leave samples in their area to dry.",0.0,0.0
745,1,"they should add how much vinegar to pour into the container, and how large the container must be as well. another thing they might want to add is the concentration of vinegar that is poured in whether 100% or 50% or something alse to find mass you would also need to find volume.",2.5,0.8333333333333334
866,1,"first you would need to know the much vinegar to use in order to keep the experiment consistent. next, you would need to know the size of the marble because different sizes might each erato faster. also you would need to know the kind of wood because some wood might solve faster than other kinds.",2.0,0.6666666666666666
1487,1,they need to measure the amount of vinegar and only put in one container. you need to measure the mass clearly not just estimate. you get the mass before you do anything to it.,1.0,0.3333333333333333
894,1,a the group would have said how much vinegar to add to each sample. ^p b the size of each sample should also be stated because size difference would affect the results of this experiment. ^p c would need to know what materials to gather.,3.0,1.0
1041,1,"additional information you would need in order to replicate the experiment is, in the procedure it needs to be more specific and staff what kinds of samples you are using ( marble, limestone, wood, plastic) also, it needs to say how much vinegar to pour into each cup, and what kind of cup to use. also, how long you should rinse each of the samples with the distilled water and lastly, be more specific on how to dry the samples, should you dry it with papertowel and then let it sit for 30 minutes, or just let it sit?",3.0,1.0
207,1,"i need to know how much vinegar. i need to pour on each of pour seperate, but dentical containers. i need to know what the four different samples are.",2.0,0.6666666666666666
394,1,"some additional information thats needed in this experiment, acid rain would be explang more in detail about how to use the steps, ow also should explain what each material is and lastly explain what sample means in differc! ways. this experiment snoch be more cleares and you should include a graish. this experiment doesnt make a whole lot of sene filvel.",1.0,0.3333333333333333
797,1,although the samples are shown in the table they are not expressed in the procedure. in addition the amount of vinegar should be explained as well. most importantly is the need for a constant mass of the samples ie 10g. the results are skewed when wood which is 11grams is compared to 7grams of plastic. the procedure should regulate the sizes of the different samples.,2.5,0.8333333333333334
873,1,"additional information needed to replicate the experiment would be how many m/s of vinegar would i pour into the four containers. also, i would need to know what material to put in each container. i would also need to know the measurment.",2.0,0.6666666666666666
399,1,"some additional information would include: the amount of vinegar poured into each container, mass of the sample taken and the temperature where the 4 containers were stored for the 24 hours.",2.0,0.6666666666666666
769,1,"you would need to know how much wood, limestone, marble, and plastic you would need. also how much vinegar to put in the container. how long do you rinse the samples under the distilled water? those are the information that you would need to do this experiment.",2.0,0.6666666666666666
1533,1,"after reading the groups procedure, the additional information needed to replicate the experiment is a control because there is no control in the experiment. the type of containers needs to be known because the size can affect on how much vinegar is absorbed. also,they do not mention how much the samples are, record so their experiment cannot be repeated with the hope of having the same results.",1.0,0.3333333333333333
1244,1,the additional information you need to replicate the experiment is how big i refer the containers. what temperature was the room at to make it dry. how many items of material were put into each container.,2.0,0.6666666666666666
1031,1,"in order to replicate this experiment, i would need to know how much of each sample to use it is important to only vary the type of sample, rather than varying the initial mass too. i would also need to be able to know how much vinegar to pour onto each sample. too much or too little vinegar will change the mass differences drastically. storing the samples, is another vital area in this experiment. the temperature and amount of light the samples are exposed to needs to be directly mentioned within this experiment.",2.0,0.6666666666666666
645,1,"to repercat this experiment i would need to knew how vingnr, what is the controy and what are the samples.",1.5,0.5
1575,1,"additional information i would need to replicate this expiriment is how to determine the mass of each sample, also to take the masses of the samples before putting them in the vinegar & to compare the masses of before vinegar &after.",0.0,0.0
615,1,"i would include the materials used or the ""samples"". also they should include in the procedure the type of measuring they are doing, masing, and state how much vinegar to pour in each cup.",2.0,0.6666666666666666
963,1,the information that the procedure is missing to be able to replicate the experiment is the size of the containers. the size of each sample and how much vinegar did they use. without these missing information then you can not replicate the experiment.,3.0,1.0
728,1,"after reading this procedure, i have noticed that i would need to know the ph of the vinegar. also i would need to kno how much vinegar is needed. lastly, it is important to know what kind of cups they are using because they could have a chemical that rubes off on the samples making the results diffrent.",3.0,1.0
686,1,"to replicate the experiment you would need to know a control the remocture to keep the containers at, and you need to know how much vinegar.",2.0,0.6666666666666666
99,1,the students need to say what the samples are. they need to,3.0,1.0
807,1,"after reading the group procedure, the additional information needed is the name of the four different samples. the group does not say what they are, also one ober not but needs to know the site of each sample another pieces of information needed has much vinegar should be poured into each container. the group also needs to put into there procedure what measurement they should and call use to weight the mass of each sample.",3.0,1.0
408,1,additional things a i would need to replicate this experiment is a clock or a stop watch to time how long the samples sit and dry.,0.0,0.0
505,1,"you would need to know the amount of vinigar they added, what kind of containers, and how much or how big each object is.",3.0,1.0
1074,1,"what would need to replicate the experment is the mass of four diffrent samples, vingar, cotainers, and water.",0.0,0.0
1059,1,"if i would replicate this experiment, i would add to the procedure that you need to weigh the samples before adding vinegar to them and determine the mass. i would also add that you need to calculate the difference between the masses. i would also add to the procedure that you need to add a certain amount of vinegar and should be the same for each sample.",1.0,0.3333333333333333
932,1,"in order to replicate the experiment, i would need to know how much vinegar to add to all of the containers. i would also need to know how much of each sample i would need to get before testing, lastly, i would need to know what the control of the lab is in order to be able to draw conclusions about my results.",1.0,0.3333333333333333
782,1,"to replicate the group's experiment, more information is neccesary. the students should have included the material types instead of ""four different samples"" and should have included the measurements used such as amount of each sample, container size.",2.0,0.6666666666666666
201,1,"you would need more marble, limestone, wood and plastic.",0.0,0.0
135,1,"in order to replicate the lab, the students did you would need to know what materials were need. what kind of area are you going to do the lab in and how much vinegar you need to pour into the samples.",3.0,1.0
1054,1,they could have added all of it up and come up with a average and they could have come up with the mass for all of them.,0.0,0.0
41,1,"additional information that would be needed to replicate the data would be what equipment is needed for the experiment,what materials are going to be used,and how much of each material will be used?",1.0,0.3333333333333333
1020,1,"additional information needed in order to replicate the experiment would be in the procedure, write you need to make a data table to record information, form a hypothesis and you would need a control.",0.0,0.0
232,1,"some additional information we would need in order to replicate the experiment is, how much vinegar do we pour into the containers, how do we determine the mass of the four samples and how long do we rinse the samples with distilled water.",2.0,0.6666666666666666
1516,1,you would need the names of the samples you were using.,1.0,0.3333333333333333
380,1,some additional information you would need to know is what samples you have to place in the vinegar. in order to complete the investigation you would need to know how to weigh the sample and what to use to do it. you also have to do some math to get the difference in mass.,1.0,0.3333333333333333
290,1,the additional information you would need in order to replicate the experiment is the amount of vinegar they pour into the four seperate containers. they also forgot to say the amount of water they needed to rinse each sample.,1.0,0.3333333333333333
420,1,"in order to do this experiment again, you would need to know the exact mass of the 4 samples, what kind of samples they are and how long you have to rinse the samples for.",2.0,0.6666666666666666
393,1,you will need the type of vinegar and know the size of the sample. also you ll need to know with how much water you have to rinse them.,2.5,0.8333333333333334
595,1,"you may want to tell in the experiment how much vinegar you are pouring in; explain how you found the differences in mass, mass before you rinse with the distilled water.",1.0,0.3333333333333333
1525,1,"i would include what the samples are (wood, marble etc) and would label the containers that way. i would include the brand of vinegar or kind of vinegar used. i would also include at what temperatures the samples were kept at.",3.0,1.0
1165,1,"the additional information i would need in order to replicate this experiment is 1) to gather all the materials. 2) tell how much distilled water, how big each container was. ^p 3) record data.",1.0,0.3333333333333333
1089,1,i would need to know the size of the container and how much vinegar i put in container.,2.0,0.6666666666666666
1498,1,"in order to replicate the experiment, i would need to know how much vinegar was poured into the containers, and i'd also need to know what the volume of the separate but identical, containers were i would also need to know how much water (distilled) was used to rinse off the samples, and for how long did the students rinse the samples, i may also need to know with what in statement the samples were massed in order to replicate the experiment.",3.0,1.0
650,1,to replicate the experiments you will need all the samples and how you will need more acid rain.,0.0,0.0
1155,1,"to replicate this lab you would need the samples to be the same masses. also the amount time you let the samples sit has to be the same, then you would have to remove the samples and completely clean them.",0.0,0.0
1370,1,you would need to know what materials to get. you would also need to know how much vinegar to put in each cup. they should have told us what to measure the cup with. they should have also told us what type of container to use.,2.5,0.8333333333333334
523,1,"in order to replicate the experiment, you will need to know how much of the samples to use, how much vinegar to use and how big the containers have to be.",2.0,0.6666666666666666
65,1,first of all you'll need to measure the container bxitsals and subtract it from weight of the samples so you don't accidently have extra weight. calculate the time diffrence it took to prepare them. use the same weight of each sample.,0.0,0.0
15,1,"well what i understand about this procedure is that you take four samples, put them in different containers that look the same, put vinegar on every sample + finally rinse them out with normal water + let them sit for 30 minutes till they dry. then your finally going to see the difference between those samples.",0.0,0.0
1183,1,"the group should include more information about what problem they are investigating, there is nothing whatsoever about the statement of what they are trying to figure out another thing needed to replicate the experiment would be the amount of marble, limestone, wood and plastic. the students need to say exactly how much of each of these substances they used. they would also need to specify the amount of vinegar that was poured into the containers so that there is and an exact, identical amount.",1.0,0.3333333333333333
1067,1,"after reading the group's procedure, i realised that the additional information you would need in order to replicate the experiment is the name of the four different samples, you need to know the samples are _ limestone, wood marbles + plastic or the person doing the experiment would not know what the samples are. you also need to know how much vinegar you pour in each container and the size of the containers used.",3.0,1.0
495,1,"some additional information i would need would include what objects to determine the mass of. also to replicate this procedure i would need to know how much vinegar to pour into each container, seeing as the group doesn't give an exact amount. i would also need to know how much distilled water to rinse each sample with. finally their procedure doesn't tell exactly how to determine the mass.",1.5,0.5
381,1,to repeat in experiment doing the group procedure i would need to know how much of the vinegar to pour into each container. another information,2.0,0.6666666666666666
188,1,"in order to replicate the experiment, you need to know what the samples are taken of, what size the samples should be, what size the containers should be, and how much vinegar is to be used on each sample.",3.0,1.0
766,1,i will need for them to write the independent variable and the dependent variable before any thing else. they could of put doing how much vinegar they put in all four different samples.,1.0,0.3333333333333333
217,1,the additional information that i would need in order to replicate this experiment is where do i leave the containers after i finish putting all the samples into different containers.,1.0,0.3333333333333333
794,1,"after reading this group procedure, some information that i would need is replicated this experiment is how to find the mass of the sample, what is the control for this experiment and how much vinegar needs to be poured into these containers. without this information it is experiment would not be considered valid. there would be no control samples the amount of vinegar may not be the same and there is no information is no information on finding the mass.",1.0,0.3333333333333333
1079,1,in the given procedure it would help replicate the experiment if is included in it a list of what materials were used this is important to know as well as how much vinegar should to used to pour into each beaker. if we do not know this information then we may get wildly different results. inably what was need to determine ble mass of the samples. depending on the need a different method we possibly a different mass could be found. also it may help to have the four samples start made at tha same mass so you don't get skewed results,2.0,0.6666666666666666
881,1,to make a hypothesis. ^p after to make a conclution. ^p determine if the investigation is good or bad.,0.0,0.0
339,1,how much of the material did they put into each container. was there a controlled part of this experiment. did they conduct a graph for this experiment.,0.0,0.0
722,1,"in order to replicate the experiment the scientist needs to know the amount of vinegar to pour in, also wt kind of container, the label's title, and the device used to measure the mass.",2.0,0.6666666666666666
297,1,"the additional information you would need in order to replicate the experiment are what to use to determine the mass, which would be a triple beam balance. you would also need to know the amount of the sample that would be needed to more in step 3. you would also need to know what the 4 samples you are testing are. those samples would be marble, limestone, wood and plastic.",1.0,0.3333333333333333
1019,1,-repeat step 1-6 ^p -round this data for the 2nd trial ^p -compare the 2 trials and find the average mass for the four samples. ^p -observe the data and make a conclusion on the experiment.,0.0,0.0
1278,1,"the group stated to ""determine the mass of four different samples. samples of what? they should have been more specific on what four samples they did the experiment on. they stated four vinegar in each..."" they did not tell us how much vinegar to use. also the group did not use a control group to show the difference in mass without the control group.",2.0,0.6666666666666666
1488,1,"the additional information i would need to replicate the experiment is the materials, all the steps that they did.",0.5,0.1666666666666666
457,1,after reading this group's procedure i think they should have used more than four samples so they coold find out different sources from other types of stone. also i think they should have one more trials.,0.0,0.0
1669,1,"number 2, pour vinegar in eatch of the four seperate not identical containers. this can help determen the mass of eatch item and help with the experement from what we read, after placing samples into the container then letting it sit will determen the mass.",0.0,0.0
818,1,"some additional information i would include on the group's procedue would be to specify the types of ""samples"" from the first step. also, to tell what material or size the four identical containers should be. the way the masses were measuredshould also be included, along with the type of vinegar used to mock acid rain. the place and room temperature that the samples were put to dry should of been written as well. lastly, they should have marbled a control variable such as all the samples put in with water instead of vinegar.",3.0,1.0
271,1,the addition information that i would need is how many steps we will need to do to get data. what is the best container to put the sample in and does it have to be the sume kind of container. i would also need how much many times you need to rinse the sample.,1.0,0.3333333333333333
998,1,one piece of additional information would be to give a specific amount of vinegar you would pour in rain container. another would be to give the weight of each of the sample and make sure they are all the same. one more additional piece of information you could use is the size of the containers.,2.0,0.6666666666666666
202,1,"you would need the amount of vineger the samples sat in. the amount of water they where rinsed in, and the amount of each sample.",1.0,0.3333333333333333
162,1,"there are a couple additions that should be made to replicate the lab accurately. in procedure 1, it does not say to measure the mass of the samples wi or without a petri dish. it also should say that they should be measured with a particular instrument, such as balance beam. another part that was left out was that they forgot to tell how much vinegar the four samples need, because if one gets more than another, it might change the weight and how much water torince the samples with.",1.0,0.3333333333333333
1582,1,"in order for me to replicate this experiment i would need to come up with an hypothesis, the reason why i am doing this experiment and a conclusion.",0.0,0.0
732,1,"three additional information that is needed to replicate the experiment are, how much vinegar is needed to be poured, how long do you rinse the containers for. what do you measure the mass in",2.0,0.6666666666666666
403,1,"for one thing to replicate the experiment one would need to know how to determine the mass and the group must state how to do this in their procedure. they also should state to use, the same mass objects so that it is easy to replicate. finally, the group should use a control to compare their results to and for replication of the experiment.",0.0,0.0
705,1,"to replicate the experiment you would need to find out exactly what samples were tested in this case. the samples are marble, limestone, wood and plastic. you would need to find out when the experiment was being conducted and whose you're testing.",1.0,0.3333333333333333
1503,1,the group of students didnot tell us the diffrent samples nor did their procedure tell you to find the starting mass and the difference in the starting mass and ending mass.,1.0,0.3333333333333333
1132,1,in order to run this experiment i would need to know what samples are being tested. i would also need to know how much vinegar to pour into each solution. i would also need to know what size the container should be that i'm pouring the solutions into.,3.0,1.0
568,1,step one really should go at the end. you need to state the amount of vinegar that goes into the containers. tell us the names of the elements along with the amount being tested. tell which sample to begin the experiment with and what to label it. i would need to know how to determine the mass of the samples and make a graph.,2.0,0.6666666666666666
1416,1,"to replicate this experiment we would need to know how much vinegar the samples were in,how much of each sample, and what type of containers are being used.",2.0,0.6666666666666666
1024,1,"in order to replicate the experiment, there is some information that wasn't involved that is needed. first, in the product it just said pour vinegar. it didn't say how much which is important. another important factor that would be needed is in what temperature to let the samples sit and deap in, in steps, it justsaid let it dry for 30 minutes, to didn'nt sayat whattemperature. finally, when step 4 says, mix with distilled water, it doesn't say what temperature the distilled water has, it just says distilled water. i would need to kwow at what temperature distilled water has to be.",2.0,0.6666666666666666
1028,1,"one piece of information i would want to know is how big each piece of rock, plastics wood.",0.0,0.0
1414,1,in order to replace the experiment yal would need additional information including four different samples of what specific material. moreover yal would need to know the temperature at which the samples were kept. lastly how much vinegar is reacted for each indivual sample.,3.0,1.0
1588,1,"i think the next step is to see what mass is the highest the normal one and the lowest is. we want to add it up to see what mass is better, we need to see what sample looks good because you don't want to have a bad one.",0.0,0.0
1107,1,"in order to replicate this experiment there are 3 things that you would need to know. the first thing is, you need to know how much vinegar to put in the containers. the second thing that you would need to know is how much of each rock sample to use in this experiment. lastly, in order to replicate this experiment you would need to know what to use to measure the dryed rocks.",1.0,0.3333333333333333
206,1,"1. what kind of ""sample of material"" are you using. 2. how much vinegar should we put in the containers. 3. they should be more clear about how to rinse each sample.",3.0,1.0
35,1,"in order to replicate the experiment.you would need to know how much vinegar to pour ,you need to know how much distilled water and you aso need to know how your going to weigh it.",1.0,0.3333333333333333
778,1,"after you would rinse each sample, it would be best to check the temporter, how much vinegar where used and i would like to know specifcly how many acid you use in this experiment.",1.0,0.3333333333333333
511,1,"i would need to know several things before replicating this job. first, i would need to know how much vinegar to put in each container. also, i would need to know what i should do to determine the mass of the samples. lastly, i would need to know how much distilled water to use and what identical containers i should use.",2.0,0.6666666666666666
1454,1,how much vinegar do you put in the cups ?,1.0,0.3333333333333333
1481,1,"to replicate the ""acid baim experiment"" the samples in step one should be identified to make the directions more clear. there should be a set and constant amount of vinegar, and the amount of time the samples are rinsed should be included. it should also say how to find the mass; whether to use water and a graduated cylinder, or a triple beam balance.",2.5,0.8333333333333334
1646,1,"in their procedure, the studants weren't very clear on what the samples were. if they didn't have that table, i wouldn't have known what their samples were. they also didn't list all the materials they used for this experiment. so if i tried to repeat it, i could only guess the materials they used. these students also weren't very descriplive in the procedure. the way they worded some of the steps was very confusing. they needed to make it clearer.",1.0,0.3333333333333333
1393,1,"to replicate the experiment, you would need to know the amount of vinegar to pour into each sample. in order to get accurate results you would",1.0,0.3333333333333333
92,1,in order for i for replicate this expirement i woukd need to know what are the reaserching with this expirement what kind of result are being booked at and the mass of each sample at the end of expirment theie results.,0.0,0.0
1366,1,"the group's procedure is wrong because they need more time on doing this experiment and if the group just work a little more harder than they did before, then they still have a chance at passing the experiment by taking out the marble and limestone and replacing them with paper or something different, then they can pass the experiment by taking some bad material out and putting new material in.",0.0,0.0
900,1,"the additional information i would need in order to replicate this experiment is determining the mass of force different samples, make sure you let it sit for a white and make sure pour pour vinegar in each of four separate but identical containers.",0.0,0.0
567,1,"in order to replicate this experiment you would need to know what kind of samples to use. one would also have to know how much vinegar is being put in each container. also, the students should specify what kind of container they are using in order to most closely replicate this.",3.0,1.0
1372,1,"in order to duplicate the experiment i would also need to know what were the samples being used, what king of containers i need (size). i would also need the information that tells me to measure the starting mass of each sample.",2.5,0.8333333333333334
779,1,"in order to replicate the experiment, we would need to know : ^p (1) which kind of samples to use. ^p (2) how much vinegar to add to each sample. ^p (3) how much of each sample to use.",2.0,0.6666666666666666
243,1,"in order to replicate this experiment you will need amount of vinegar used, the size of the container and and the amount of time used for each step of the experiment. these are 3 three important things or info that they need in order to replicate the experiment.",2.0,0.6666666666666666
14,1,in order the replicate the experiment you need,2.0,0.6666666666666666
317,1,"after reading this procedure i think it would need task needed. tell what it is you are doing and what solution, and a hypothesis.",0.0,0.0
603,1,"some additional information that you would need in order to replicate this experiment are how much vinegar to put into each container, the size of the material and what kind of container the samples and vinegar are being put into these 3 things would make very experiment as close as possible to the group's.",3.0,1.0
389,1,"in order to replicate the experiment the reader would need to know how much vinegar to pour into the containers. you would also need to know if the starting mass for each sample should be the same. finally, you would need to know how and where to store the samples during the 24 hours.",2.5,0.8333333333333334
1300,1,in order to replicate this experiment there are a few things that could be done. one would be to say how large each sample should be. it should also include what type of sample is being tested & another thing would be to include how much vinegar to use. another good thing would be to have multiple trials.,2.0,0.6666666666666666
167,1,"in order to deplicate this experiment, you would need to state exectly how much of a certain chemicals you need to pour. in most cases, it is imperative that you get the right amount of a substance or your results may be difficient.",0.0,0.0
843,1,"in order to replicate experiment i would need to know exactly how much vinegar to pour in each container, how much of each sample to put in the container, and",1.0,0.3333333333333333
21,1,you would need to have four seperate but identical containers. you would also need to pour in each of them vinegar to determine the mass of the items being placed in them. and new items would be needed to be placed in each of the containers.,0.0,0.0
649,1,"i would need to know how much vinegar that was used in each of the four containers. i would need to know what the four containers contained, since they are the samples being used in the experiment. and what to use to determine the mass of them.",2.5,0.8333333333333334
1511,1,the additional information i would need to replicate the experiment would be to identify each sample. also i would need to know much vinegar to pour into each container.,2.0,0.6666666666666666
1157,1,in order to replicate the experiment the student need to write in detail a hypothesis for the experiment list the materials and samples needed and write out a conclusien to what those results to the experiment are,1.0,0.3333333333333333
1531,1,"in order to replicate the experiment, i would need to know the amount of vinegar to pour into each container, how to label the containers and how long to rinse the samples for.",2.0,0.6666666666666666
834,1,to replicate this experiment i would need to know how much vinegar to put into the container.,1.0,0.3333333333333333
1270,1,the mass of four different samples. ^p the time for them to sit. ^p the purpose of the experiment and wich sample. ^p distilled water better.,0.0,0.0
1593,1,when the group said to place a sample of one material into the o ther container then repeat. it does not make sense because people could repeat putting the sample into all the containers back to back. you don't have to wait 24 hours for letting the sample sit in the container.,0.0,0.0
565,1,"if you wish to replicate the experiment they would have to show or tell how much of the vinegar is needed, does the samples need to rest on a tray or on a paper towel, and tell the size of each of the samples.",3.0,1.0
1629,1,"the things that they could've included would be, that they need a constant, they need to specify how much vinegar is in each container and also to include the number of trials to do.",1.0,0.3333333333333333
689,1,"to replicate this i would need much more information as to sizes of samples. also, there should be more specific size measurements of the containar. lastly, they never say how much vinegar to use. ^p all of these are important to being able to replicate the experiment.",3.0,1.0
960,1,"to replicate the experiment, you will need determine the mass of four diffrent samples. allow the samples to sit and dry for 30 minutes, place a sample of one material into one container a label, repeat with remaing samples, placing a single sample into a single container.",0.0,0.0
190,1,additional information you would need would be a control to see what would happen to the mass with out vinegar. you would also need to know the size of the containers and how much vinegar you would use.,2.0,0.6666666666666666
978,1,"this experiment would need alot more information for it to be repcated. it will need a control groups so they can compare it to the rest of the variables. understanding that there needs to be a consistant amount of vinegar and starting material would help the outcome of the experiment. it is also important that the materials are the same shape and size, so they have the same surface to volume ratio.",1.0,0.3333333333333333
702,1,"in order to replicate the experiment , it is nesserry to know what material will be used no samples. to the different samples were listed in the procedure, it would be betterunderstand. it would also be useful to state the purpose of the experiment which is to record vinegar's effect on the mass of the samples. it would also be necessary to say how much vinegar should be added in each container.",2.0,0.6666666666666666
1502,1,"after reading the group's procedure, i noticed they didn't measure how much vinegar to pour in each container knowing the measurement will help the expirement be more exact. another way to improve this expirement is to have more trials becaus there was only one for each sample. another is where should the samples sit in sun, or indoors, this may have an affect.",2.0,0.6666666666666666
513,1,"to replicate the experiment, the amount of vinegar put in the container would be needed so it would not vary the results inappropriately. also, the amount of each sample needs to be added because a greater sample to vinegar ratio will change the mass of the experiment. also, in the table we can see that the people measured the mass before the samples were put in the vinegar, but without the table we would not know to do it because the procedure did not state if this needs to be added between steps 2 and 3 so later on the difference can be found and the change seen.",1.5,0.5
1085,1,"what type of marble, limestone, wood, and plastic did they used?",0.0,0.0
476,1,"to be able to redo this experiment the group of students should have told you more things. for example, do they want us to use the same materials? of course they do, so that's one. another is, what kind of containers do they want us using? we can use plastic or metal or another. lastly, you would need to know how much distilled water that you need.",2.0,0.6666666666666666
1587,1,"the additional information that i would need is how much vinegar do you put in the containers, what are the four samples to put something over the containers, and what are steps of the samples.",3.0,1.0
859,1,"some additional information you would need in order to replicate the experiment is how much vinegar was poured into the separate containers, what kinda of containers or size of container. was each sample poured in to. and finally why did the group of students ande with distilled water. why couldn't they just leave it how it was.",2.5,0.8333333333333334
750,1,"in order to replicate the experiment, i would need to know a saw things. i would need to know how much vinegar they used, what kind of containers and how big it is and what kind of vinegar was used.",3.0,1.0
254,1,"1. firstly, the group could provide more information about the materials such is what they are, how big they are, what category the material needs to be in order to conduct this experiment ^p 2. the group does not explain how much vinegar should be poored into the container- how much is needed? ^p 3. the group does not tell what should be used to take out the sample from the container. even though this is just vinegar, their procedure does not follow the safety rules of the lab. goggle inclusion would also be rise.",3.0,1.0
22,1,"inorder to replicate the experiment, i would need to know the mass of the four different samples, how much vinegar to pour into the containers, what the samples were made up of, and how much water to rinse them with after the 24 hours.",2.0,0.6666666666666666
1340,1,"three pieces of information you need in order to replicate the experiment is a hypothesis first to predict what you think will happen. secondly, you need the data information like what they did in the table and third you need your tools which they obviously had since they already recorded their data.",0.0,0.0
461,1,"in order to replicate this experiment, the groups would have to list the 4 different mass samples, if not then a person might use any different mass samples. also the group would have to list the controlled variables such as the size of each weight sample. lastly to replicate this experiment the group would have to state how much vinegar they are putting into each containers, to make this procedure replicateable, the group would have to make these change.",3.0,1.0
1187,1,"in order to duplicate this experiment, i would need to determine the starting mass, ending mass and difference in mass.",0.0,0.0
278,1,"some information that is missing that they don't say what size of containers, and they don't say what to do with data.",1.0,0.3333333333333333
958,1,it is necesary to have a constent for each of the four different samples. the constent would be using water instead of vinegar in the containers with the the samples. also the students did not state how much vinegar they put into each container.,1.5,0.5
1218,1,for the experiment you would need to know how much vinegar you would need to pour in each cup. for each sample i would need to no what kind of wood or plastic and how much of each sample should be used.,1.0,0.3333333333333333
387,1,the limestone have mass than all of them.,0.0,0.0
808,1,"additional information that we would need in order to replicate the experiment would be to get 4 cups, weigh the 4 cups and then put labels in the four cups with vinegar.",0.0,0.0
1440,1,what are you going to do after you find the mass of all four samples. how much vinegar did you put in each sample.,1.0,0.3333333333333333
1518,1,"the students need to have identical materials for this could validate the expirement because mass has an effect on vinegar dissolution. a quantity of vinegar needs to be specified, as some may be dissolved quicker with more solution. finally, the temparature of the area in which the expirement is being conducted needs to be noted because some may work better in heat or cold. a constant temparature needs to be known for the expirement to be valid.",2.0,0.6666666666666666
345,1,"in order to replicate this experiment the amount of vinegar used in each separate container must be known. also, the type of container is not specified nor is the number of pieces of the samples that should be tested stated. all of these need to be known in order to replicate the experiment.",2.0,0.6666666666666666
772,1,"the procedure could be better if they included inthere experiment a control, if they labled each sample specifically with what process they are using, whether it be, marble, limestone, wood or plastic. last the procedure doesn't include a clear purpose, why are they doing this experiment ? is it nessecary, what varaety do they receive from this.",0.0,0.0
1335,1,"some additional information they could have added be how much vinegar should be pourred into each container, tell how much material they used in each container, and stated if there hypothesis was true.",1.0,0.3333333333333333
131,1,"in order to replicate this experiment, there are a few more things i need to know. the problem does not state what the four different samples are. second, i would need to know how much vinegar to pour in each cup. the amount of vinegar could impact the mass. last, i would need to where to store the samples for the 24 hour period. different tempuratures might affect the different samples.",3.0,1.0
874,1,"in the students procedure, you would need to include the step for measuring out an exact amount of vinegar and adding that specific amount to the containers and they would need to include the amount of distilled water to rinse with in order to increase the validity. also, they should specify what type of container to put each sample in, such as a test tube or a beaker. the students should specify what samples to use in step 1 as well, so that when replicated the same samples will be used.",3.0,1.0
1126,1,they should have told what they were using to weight the materials and they should of said how much vinegar to use.,1.0,0.3333333333333333
1399,1,they should also add in the controlled group to undergo the experiment as well. ^p they also should indicate the amount of vinegar they was added into each sample. ^p they should measure the temperature at what they dried their sample.,2.0,0.6666666666666666
88,1,"in order to replicate the experiment you would need to know several more piecesof information. one of them being the amount of each material (wood, plastic, marble and limestone). you would also need to know how much vinegar to add. finally, a constant for each material would alsohelp.",1.0,0.3333333333333333
1485,1,"although they got some information, i think that in order to replicate the experiment they would need 3 things. the first thing would be to determine how much vinegar you put into each of the containers. secondly to determine the amount of distilled water used to wash off vinegar, lastly to determine where the samples were staying for 24 hours. if they were to replicate this experiment and did these examples that i have listed than it would be successful.",2.0,0.6666666666666666
332,1,"after reading the groups procedure, to replicate this experiment, i would need to know the exact amount of vinegar to pour into each sample so the results are acurate. they would also need to include the four samples names, marble, limestone, wood and plastic. so i know what everything what everything is so i can create a data table. they would also need to include in the procedure that when massing the substances, i would first need to zero the containers on the scale and then bar the sample in.",2.0,0.6666666666666666
1241,1,the additional information that is needed to replicate this experiment is the amount of vinegar that is poured in to the containers. how much of the sample material should be massed and should the same sample be used tofint in to the single container. specify in the procedure what kind of sample materials to use.,2.0,0.6666666666666666
468,1,"to repeat the experiment, you would need to know how much vinegar to put into the containers, you would used to know the purpose of the experiment and what the difference is mass says about the samples.",1.0,0.3333333333333333
122,1,"in order to replicate the experiment, i would need some additional information. first of all i would need to know how much vinegar to use in each container. second of all i would need to know the materials i would be placing in the vinegar.",2.0,0.6666666666666666
1641,1,"first you would name the four distrant substances, say the size of the container also how much of each substance in each container should be specified. overall this experiment needs to be more spesific and valid for this lab to be repeated",2.0,0.6666666666666666
1047,1,"after rending the groups procedure, there are some things that i would need or is additional information would be, what type of samples i use, the students tell use to figure out the mass of 4 samples, what kind something else i could know is the point to the experiment in the procedure. it doesn't tell me why to do these. a final piece of information i can know is what object will be used to measure the mass, instead of determine the mass of four different samples-they can say, use a _ to measure.",1.0,0.3333333333333333
1098,1,"after reading the procedures the additional things i need to know is what size containers, how much vinegar to put in the containers.",2.0,0.6666666666666666
1133,1,"what are the four different samples? there is no control so how do you know what water is. how much vinegar do you need to put into the containers, how big does the sample need to be.",3.0,1.0
1297,1,another important piece of information we would need to know is how much vinegar would need to be put into each cup because if we poured more vinegar into one cup and a little into another cup the results may vary.,1.0,0.3333333333333333
863,1,"3. place marble, limestone, wood and plastic into separate containers. ^p 4. let them sit for 24 hours and remove them after and rinse them with distilled water. ^p 5. allow the samples to dry for 30 minutes.",0.0,0.0
1462,1,"additional information that is needed to replicate the experiment is how much vinegar is poured into the containers, how much material is needed into the container and how much of the samples do i need.",1.0,0.3333333333333333
1129,1,i would need to know how much vinegar i was pouring into every cup. i would need to know what the samples were in the procedure. i would also need to know to record the data and take observations.,2.0,0.6666666666666666
